substrate,Group,Concentration,one_group,treat.No.,Cultivar,samples,Stem_volume,Stem_nodes,Length,Bush,Flowering_day,SPAD,Total_nitrogen,PO,KO,CaO,MgO,Fresh_weight,Dry_weight,Weight_diff,Vase_life,Petals,Petal_size,L,a,b
soil,SSV,0,PSA,1,AG,1,3.73,8,58.5,5,56,104.5,1.18,0.32,3.08,0.13,0.44,1.97,0.35,1.62,3,9,45.12,77.71,-8.35,17.8
soil,SSV,0,PSA,1,AG,2,3.86,8,58,4,59,114,1.19,0.36,3.09,0.13,0.44,2.58,0.51,2.07,8,10,39.12,81.02,-8.86,17.21
soil,SSV,0,PSA,1,AG,3,3.65,8,47,4,59,99.9,1.16,0.33,3.09,0.13,0.43,2.21,0.37,1.84,11,13,48.54,83.47,-10.28,19.79
soil,SSV,0,PSA,1,AG,4,4.33,7,49,3,59,108.4,1.18,0.36,3.08,0.13,0.44,2.34,0.66,1.68,9,12,43.01,84.94,-12.09,24.94
soil,SSV,0,PSA,1,AG,5,4.03,7,61.5,4,57,99.2,1.19,0.31,3.06,0.13,0.43,2.63,0.23,2.4,10,11,42.23,83.54,-12.54,28.63
soil,SSV,0,PSA,1,AG,6,3.67,8,50.5,4,68,91.4,1.18,0.32,3.09,0.13,0.44,2.54,0.59,1.95,11,14,45.98,77.95,-11.09,22.12
soil,SSV,0.1,PSA,2,AG,1,4.05,9,59,5,64,104.4,1.06,0.32,3.45,0.13,0.41,2.15,0.54,1.61,8,10,47.92,81.38,-16.44,31.81
soil,SSV,0.1,PSA,2,AG,2,3.91,9,54.5,5,59,101.6,1.08,0.35,3.48,0.14,0.42,1.78,0.57,1.21,3,9,41.03,84.93,-10.53,33.04
soil,SSV,0.1,PSA,2,AG,3,4.3,8,53,4,59,96.3,1.04,0.33,3.46,0.14,0.41,1.44,0.7,0.74,3,11,43.15,83.78,-11.8,25.58
soil,SSV,0.1,PSA,2,AG,4,4.15,9,56.5,5,59,105.4,1.07,0.35,3.48,0.14,0.42,2.78,0.57,2.21,3,10,44.55,77.85,-12.38,27.09
soil,SSV,0.1,PSA,2,AG,5,3.61,8,53.5,4,68,106.2,1.08,0.35,3.44,0.13,0.42,1.49,0.42,1.07,8,10,45.09,76.19,-12.86,25.69
soil,SSV,0.1,PSA,2,AG,6,3.8,9,57,4,60,93.6,1.06,0.33,3.45,0.13,0.41,2.09,0.38,1.71,5,11,50.78,77.77,-11.95,23.51
soil,SSV,0.3,PSA,3,AG,1,4.1,9,54,7,56,104.3,0.66,1.21,3.33,0.14,0.45,2.2,0.62,1.58,5,10,43.1,82.5,-9.23,20.92
soil,SSV,0.3,PSA,3,AG,2,4.35,9,58,3,56,86.5,0.68,1.25,3.36,0.14,0.45,1.41,0.33,1.08,8,10,49.01,71.87,-14.19,30.84
soil,SSV,0.3,PSA,3,AG,3,3.73,8,48,6,59,108.3,0.67,1.22,3.34,0.14,0.45,1.96,0.6,1.36,10,12,40.98,85.02,-12.55,25.58
soil,SSV,0.3,PSA,3,AG,4,3.85,8,52,4,59,89.3,0.68,1.25,3.35,0.14,0.45,2.09,0.36,1.73,3,9,40.66,85.89,-8.87,19.75
soil,SSV,0.3,PSA,3,AG,5,3.77,8,51.5,4,59,100.5,0.66,1.21,3.33,0.14,0.45,1.96,0.51,1.45,12,15,42.65,83.54,-10.21,22.15
soil,SSV,0.3,PSA,3,AG,6,4.07,8,60.5,5,59,107.7,0.65,1.21,3.33,0.14,0.45,1.86,0.47,1.39,3,10,42.79,83.13,-11.71,23.05
soil,SSV,0.5,PSA,4,AG,1,4.15,8,50,6,56,108.2,0.88,0.34,2.8,0.17,0.41,1.33,0.77,0.56,7,10,48.65,87.33,-10.6,24.49
soil,SSV,0.5,PSA,4,AG,2,4.33,8,45,4,59,108.6,0.89,0.36,2.88,0.17,0.41,1.73,0.4,1.33,10,12,40.14,82.25,-13.02,26
soil,SSV,0.5,PSA,4,AG,3,3.91,8,60,4,59,82.3,0.89,0.33,2.83,0.16,0.4,1.84,0.46,1.38,3,9,47.62,84.09,-11.02,21.61
soil,SSV,0.5,PSA,4,AG,4,2.93,8,53,3,59,51.4,0.89,0.36,2.88,0.16,0.42,2.11,0.46,1.65,8,10,47.88,84.05,-10.37,22.3
soil,SSV,0.5,PSA,4,AG,5,3.56,8,46,3,71,84.2,0.86,0.34,2.78,0.17,0.42,1.83,0.57,1.26,10,10,43.68,80.07,-15.34,30.4
soil,SSV,0.5,PSA,4,AG,6,4.54,9,57.5,4,68,100.3,0.87,0.33,2.83,0.17,0.41,1.66,0.42,1.24,10,13,49.66,81.62,-14.01,28.73
soil,SSV,0,PSA,1,CP,1,4.43,8,50.5,4,56,99.5,1.63,0.28,2.89,0.22,0.47,3.16,0.54,2.62,5,10,50.01,77.88,13.1,1.43
soil,SSV,0,PSA,1,CP,2,4.96,8,47,4,59,89.6,1.68,0.25,2.87,0.27,0.56,3.09,0.84,2.25,3,9,52.66,72.88,20.03,1.96
soil,SSV,0,PSA,1,CP,3,4.28,8,54.5,5,59,82.8,1.62,0.27,2.89,0.22,0.47,3.01,0.61,2.4,7,11,53.09,68.62,15.5,2.08
soil,SSV,0,PSA,1,CP,4,4.57,7,49.5,5,59,82.6,1.62,0.27,2.89,0.22,0.47,3.39,0.43,2.96,7,11,54.12,82.93,10.97,3.08
soil,SSV,0,PSA,1,CP,5,4.75,7,60.5,3,61,93.1,1.62,0.27,2.88,0.22,0.47,4.41,0.5,3.91,10,12,45.99,76.75,9.94,1.57
soil,SSV,0,PSA,1,CP,6,3.74,8,65.5,3,59,72.6,1.61,0.27,2.89,0.22,0.47,2.44,0.72,1.72,8,12,50.36,78.04,10.28,1.63
soil,SSV,0.1,PSA,2,CP,1,4.17,8,62.8,4,61,79.4,1.11,0.26,2.46,0.22,0.4,3.34,0.47,2.87,12,16,48.01,76.88,14.66,2.14
soil,SSV,0.1,PSA,2,CP,2,4.05,7,55.5,3,59,57,1.13,0.27,2.47,0.27,0.48,3.49,0.57,2.92,8,11,52.46,75.5,10.65,3.36
soil,SSV,0.1,PSA,2,CP,3,3.82,7,58,4,64,62.7,1.13,0.27,2.46,0.22,0.4,3.41,0.67,2.74,8,12,52.33,65.99,8.47,0.66
soil,SSV,0.1,PSA,2,CP,4,3.95,6,60,4,65,86.6,1.14,0.26,2.46,0.22,0.4,2.56,0.43,2.13,10,14,48.66,76.8,13.19,1.58
soil,SSV,0.1,PSA,2,CP,5,4.43,8,57.5,4,59,103.9,1.11,0.26,2.46,0.22,0.4,3.08,0.83,2.25,8,13,50,76.98,13.82,2.99
soil,SSV,0.1,PSA,2,CP,6,4.64,8,54,5,65,99.9,1.14,0.26,2.46,0.22,0.4,2.61,0.65,1.96,7,10,56.24,69.06,14.83,1.75
soil,SSV,0.3,PSA,4,CP,1,4.65,8,60,4,56,99.9,1.08,0.3,2.57,0.21,0.46,2.64,0.74,1.9,3,10,50.99,74.32,12.07,4.38
soil,SSV,0.3,PSA,4,CP,2,5.24,7,61.5,5,56,104.6,1.05,0.32,2.52,0.27,0.53,2.42,0.72,1.7,7,13,50.88,74.17,15.43,4.12
soil,SSV,0.3,PSA,4,CP,3,5.61,9,65.5,4,59,103.6,1.09,0.29,2.57,0.21,0.46,2.69,0.54,2.15,5,11,46.65,79.45,12.05,2.88
soil,SSV,0.3,PSA,4,CP,4,4.76,8,58,5,59,101.1,1.05,0.29,2.55,0.21,0.46,3.17,0.8,2.37,7,12,47.77,80.44,13.03,2.97
soil,SSV,0.3,PSA,4,CP,5,4.71,8,60.5,4,62,105.2,1.08,0.29,2.57,0.21,0.46,2.46,0.92,1.54,7,13,53.12,75.81,13.83,3.59
soil,SSV,0.3,PSA,4,CP,6,4.96,8,55,5,59,104,1.05,0.29,2.55,0.21,0.46,2.6,0.7,1.9,8,12,54.04,80.7,9.1,4.05
soil,SSV,0.5,PSA,4,CP,1,3.25,8,52.5,3,61,79.9,0.79,1.41,2.24,0.25,0.46,2.3,0.68,1.62,8,12,44.78,75.42,13.12,3.17
soil,SSV,0.5,PSA,4,CP,2,3.52,8,60,3,64,76.4,0.77,1.45,2.28,0.3,0.54,2.09,0.79,1.3,5,13,44.99,74.41,14.21,1.74
soil,SSV,0.5,PSA,4,CP,3,3.49,8,57,3,59,76.7,0.77,1.41,2.21,0.25,0.46,3.24,0.61,2.63,10,14,53.11,78.32,9.28,3.02
soil,SSV,0.5,PSA,4,CP,4,4.21,8,59.5,5,59,86.5,0.79,1.41,2.24,0.25,0.46,2.74,1.05,1.69,5,12,54.09,74.14,13.31,2.11
soil,SSV,0.5,PSA,4,CP,5,4.07,8,59,5,65,80.4,0.79,1.41,2.24,0.25,0.46,3.09,0.83,2.26,3,10,54.77,75.13,16.84,1.77
soil,SSV,0.5,PSA,4,CP,6,4.16,8,60,3,59,86.2,0.79,1.41,2.24,0.25,0.46,3.84,0.72,3.12,7,13,55.21,77.88,13.22,3.66
soil,SSV,0,PSA,1,BP,1,4.34,6,43,5,56,98.6,1.16,0.39,2.62,0.31,0.59,2.26,0.52,1.74,8,11,43.21,88.35,1.91,1.74
soil,SSV,0,PSA,1,BP,2,4.99,6,51,6,73,96,1.18,0.35,2.66,0.38,0.68,2.87,0.47,2.4,9,12,40.69,31.41,37.29,-31.48
soil,SSV,0,PSA,1,BP,3,4.73,5,56,5,62,89.1,1.18,0.37,2.64,0.31,0.58,2.01,0.56,1.45,9,15,42.77,33.24,30.65,-25.69
soil,SSV,0,PSA,1,BP,4,3.84,5,51.5,4,59,110.6,1.18,0.35,2.66,0.38,0.68,2.51,0.61,1.9,9,14,45.89,67.86,13.02,-11.9
soil,SSV,0,PSA,1,BP,5,4.75,6,69,4,64,102.6,1.16,0.35,2.62,0.37,0.67,2.23,0.47,1.76,7,12,42.89,60.04,12.93,-12.03
soil,SSV,0,PSA,1,BP,6,5.3,6,54.5,5,65,116.6,1.18,0.35,2.64,0.38,0.68,2.52,0.78,1.74,7,10,40.97,72.86,10.05,-8.32
soil,SSV,0.1,PSA,2,BP,1,3.7,6,54.6,4,65,126.2,0.83,0.28,2.55,0.24,0.46,1.61,0.37,1.24,3,11,40.66,31.45,23.35,-19.22
soil,SSV,0.1,PSA,2,BP,2,3.69,6,48.5,2,65,106.7,0.86,0.26,2.57,0.29,0.52,3.18,0.51,2.67,12,16,40.98,65.33,10.24,-8.3
soil,SSV,0.1,PSA,2,BP,3,2.89,6,57,3,61,120.4,0.85,0.27,2.54,0.25,0.47,1.98,0.57,1.41,8,10,42.02,56.78,19.1,-16.26
soil,SSV,0.1,PSA,2,BP,4,4.02,6,54.5,4,75,95.3,0.86,0.26,2.57,0.29,0.52,1.86,0.83,1.03,8,13,43.06,53,13.21,-11.54
soil,SSV,0.1,PSA,2,BP,5,4.24,7,47.5,4,59,91.5,0.83,0.28,2.55,0.29,0.52,2.68,0.66,2.02,8,15,41.91,48.39,12.69,-10.82
soil,SSV,0.1,PSA,2,BP,6,3.79,6,48,3,65,110.9,0.86,0.26,2.57,0.29,0.52,3,0.61,2.39,10,14,42.01,51.16,21.7,-18.2
soil,SSV,0.3,PSA,3,BP,1,4.4,6,74.5,5,62,64.8,0.95,0.33,2.2,0.32,0.49,2.13,0.58,1.55,10,15,44.68,65.96,8.58,-7.96
soil,SSV,0.3,PSA,3,BP,2,3.95,6,53.5,5,65,82.6,0.98,0.35,2.22,0.39,0.55,2.38,0.44,1.94,7,12,46.59,67.69,13.73,-12.21
soil,SSV,0.3,PSA,3,BP,4,5.45,6,51,3,60,118.9,0.98,0.35,2.22,0.39,0.55,2.48,0.62,1.86,8,10,46.55,75.84,4.65,-4.59
soil,SSV,0.3,PSA,3,BP,5,4.7,6,56.5,3,59,117.7,0.95,0.33,2.2,0.39,0.55,2.81,0.41,2.4,7,13,48.44,66.32,7.56,-5.32
soil,SSV,0.3,PSA,3,BP,6,4.06,6,51,4,68,135.8,0.97,0.35,2.22,0.39,0.55,2.73,0.52,2.21,8,10,42.46,66.32,7.56,-5.32
soil,SSV,0.5,PSA,4,BP,1,4.2,6,53.5,5,64,124.3,0.75,0.5,2.27,0.3,0.48,3.08,0.84,2.24,12,14,40.12,35.29,21.44,-18.68
soil,SSV,0.5,PSA,4,BP,2,4.79,6,57,4,59,122.3,0.77,0.52,2.25,0.37,0.54,1.9,0.78,1.12,10,13,44.32,46.99,28.54,-25.89
soil,SSV,0.5,PSA,4,BP,3,4.42,6,59,4,56,136.2,0.77,0.49,2.28,0.31,0.49,2.68,0.43,2.25,7,12,50.01,29.75,33.93,-27.84
soil,SSV,0.5,PSA,4,BP,4,3.18,5,58,3,62,97.4,0.77,0.52,2.25,0.37,0.54,2.35,0.74,1.61,10,12,46.34,68.3,11.07,-9.41
soil,SSV,0.5,PSA,4,BP,5,4.69,7,57.5,5,68,99.8,0.75,0.5,2.27,0.37,0.54,1.56,0.85,0.71,7,10,41.61,51.18,17.84,-15.72
soil,SSV,0.5,PSA,4,BP,6,4.81,6,57.5,4,65,94.1,0.77,0.52,2.25,0.37,0.54,1.39,0.74,0.65,7,11,42.69,49.45,20.9,-18.32
soil,SSV,0,PSA,1,KW,1,4.08,8,66.5,3,64,99.8,1.34,0.35,2.36,0.24,0.47,3.71,0.61,3.1,7,11,42.98,86.24,-2.15,6.58
soil,SSV,0,PSA,1,KW,2,4.92,7,63.5,3,65,74.5,1.36,0.38,2.32,0.31,0.57,3.9,0.68,3.22,7,13,44.62,93.37,-0.78,3.74
soil,SSV,0,PSA,1,KW,3,3.863,7,56.7,3,65,90.8,1.33,0.37,2.35,0.24,0.47,3.36,0.63,2.73,7,11,42.36,87.73,-0.53,2.32
soil,SSV,0,PSA,1,KW,4,4.03,7,54.5,2,65,117.7,1.31,0.37,2.38,0.24,0.47,3.64,0.47,3.17,7,14,44.06,85.13,-2.29,7.68
soil,SSV,0,PSA,1,KW,5,4.63,7,63.5,4,63,134,1.33,0.37,2.34,0.24,0.47,4.54,0.43,4.11,7,11,40.88,90.19,-0.7,3.84
soil,SSV,0,PSA,1,KW,6,4.89,7,61,4,60,125.1,1.31,0.37,2.38,0.24,0.47,2.94,0.85,2.09,10,15,41.22,91.9,-0.79,3.35
soil,SSV,0.1,PSA,2,KW,1,5.14,7,66.5,5,65,135,0.96,0.31,2.09,0.24,0.33,2.76,0.85,1.91,10,10,44.63,91.18,-1.2,3.45
soil,SSV,0.1,PSA,2,KW,2,4.75,7,64.5,3,68,130.9,0.95,0.38,2.02,0.3,0.39,4.29,0.56,3.73,12,14,44.61,82.06,-0.9,2.91
soil,SSV,0.1,PSA,2,KW,3,5.06,7,66,4,59,126.4,0.97,0.3,2.1,0.24,0.33,4.14,0.57,3.57,8,11,47.78,86.61,-1.64,4.29
soil,SSV,0.1,PSA,2,KW,4,4.37,7,71,3,60,108.8,0.96,0.31,2.09,0.24,0.33,3.47,0.77,2.7,7,15,47.77,90.37,-1.57,4.02
soil,SSV,0.1,PSA,2,KW,5,3.15,7,63,3,61,73.5,0.96,0.31,2.09,0.24,0.33,3.62,0.52,3.1,8,10,45.01,91.68,-1.16,3.57
soil,SSV,0.1,PSA,2,KW,6,4.32,7,46.5,3,76,106.2,0.96,0.31,2.09,0.24,0.33,3.24,0.8,2.44,10,14,50.66,87.74,-0.89,1.66
soil,SSV,0.3,PSA,3,KW,1,3.13,6,45.5,3,68,108.1,0.93,0.35,1.92,0.24,0.35,3.41,0.81,2.6,8,10,49.11,92.05,-1.81,4.32
soil,SSV,0.3,PSA,3,KW,2,3.94,7,66,3,59,123.3,0.95,0.36,1.94,0.29,0.42,3.75,0.61,3.14,12,15,41.36,88.35,-3.1,8.87
soil,SSV,0.3,PSA,3,KW,3,3.78,6,68.5,3,61,134.8,0.96,0.37,1.94,0.24,0.35,3.37,0.4,2.97,8,11,40.21,91.82,-1.22,4.47
soil,SSV,0.3,PSA,3,KW,4,4.48,7,62.5,3,65,98.1,0.93,0.35,1.92,0.24,0.35,3.14,0.44,2.7,7,10,40.33,92.94,-3.27,8.22
soil,SSV,0.3,PSA,3,KW,5,4.69,6,68,4,68,103.9,0.94,0.35,1.92,0.24,0.35,3.01,0.81,2.2,10,15,36.44,88.09,-3.2,7.61
soil,SSV,0.3,PSA,3,KW,6,3.48,6,63,3,68,97.9,0.93,0.35,1.92,0.24,0.35,3.43,1,2.43,8,11,38.49,88.91,-1.42,5.4
soil,SSV,0.5,PSA,4,KW,1,4.49,7,62,3,65,110.8,0.67,2.07,2.8,0.24,0.62,3.51,0.56,2.95,7,11,47.01,84.71,-1.76,6.06
soil,SSV,0.5,PSA,4,KW,2,4.09,6,71,3,65,116.5,0.68,2.05,2.83,0.3,0.75,3.68,0.96,2.72,8,12,35.99,93.96,-1.55,5.48
soil,SSV,0.5,PSA,4,KW,3,5,6,45,4,59,111.5,0.66,2.06,2.79,0.24,0.62,3.77,0.71,3.06,8,10,40.39,72.77,-0.35,2.66
soil,SSV,0.5,PSA,4,KW,4,4.47,7,61,3,65,96.8,0.66,2.06,2.79,0.24,0.62,3.23,0.77,2.46,7,10,41.62,82.37,-1.33,4.47
soil,SSV,0.5,PSA,4,KW,5,3.91,6,45,4,64,109.4,0.66,2.06,2.77,0.24,0.62,4.11,0.68,3.43,10,15,44.55,86.25,-1.49,5.2
soil,SSV,0.5,PSA,4,KW,6,4.65,7,62,3,65,83.2,0.66,2.06,2.79,0.24,0.62,3.88,0.74,3.14,7,10,40.45,83.16,-0.59,3.29
soil,SSR,0,PSA,1,AG,1,3.73,9,58.5,5,56,104.5,1.18,0.32,3.08,0.13,0.44,1.97,0.35,1.62,3,9,47.12,77.71,-8.35,17.8
soil,SSR,0,PSA,1,AG,2,3.86,8,58,4,59,114,1.19,0.36,3.09,0.13,0.44,2.58,0.51,2.07,7,10,40.62,81.02,-8.86,17.21
soil,SSR,0,PSA,1,AG,3,3.65,8,47,4,59,99.9,1.16,0.33,3.09,0.13,0.43,2.21,0.37,1.84,10,13,50.35,83.47,-10.28,19.79
soil,SSR,0,PSA,1,AG,4,4.33,7,49,3,59,108.4,1.18,0.36,3.08,0.13,0.44,2.34,0.66,1.68,9,12,43.01,84.94,-12.09,24.94
soil,SSR,0,PSA,1,AG,5,4.03,7,61.5,4,57,96.6,1.19,0.31,3.06,0.13,0.43,2.63,0.23,2.4,10,11,42.23,83.54,-12.54,28.63
soil,SSR,0,PSA,1,AG,6,3.67,8,50.5,4,68,91.4,1.18,0.32,3.09,0.13,0.44,2.54,0.59,1.95,10,14,49.95,77.95,-11.09,22.12
soil,SSR,0.1,PSA,2,AG,1,3.99,8,57.5,4,65,93.9,0.67,0.28,2.28,0.18,0.37,2.76,0.54,2.22,12,12,52.12,76.73,-10.81,23.97
soil,SSR,0.1,PSA,2,AG,2,3.64,7,55,5,65,91.4,0.66,0.28,2.29,0.18,0.38,2.86,0.73,2.13,8,11,53.23,83.13,-7.18,16.79
soil,SSR,0.1,PSA,2,AG,3,3.55,7,45.5,5,65,96.8,0.65,0.27,2.27,0.18,0.38,2.52,0.68,1.84,10,11,55.21,84.42,-8.29,19.04
soil,SSR,0.1,PSA,2,AG,4,3.8,8,59,5,59,91.7,0.66,0.28,2.29,0.18,0.38,2.29,0.76,1.53,8,10,55.62,80.56,-13.94,31.27
soil,SSR,0.1,PSA,2,AG,5,2.72,8,50,4,65,66.5,0.67,0.28,2.28,0.18,0.37,2.2,0.6,1.6,10,11,54.15,80.18,-7.26,17.26
soil,SSR,0.1,PSA,2,AG,6,4.08,7,54,3,59,85.1,0.64,0.27,2.28,0.18,0.37,1.6,0.48,1.12,8,10,55.44,83.48,-9.94,23.06
soil,SSR,0.3,PSA,3,AG,1,3.02,8,56.5,5,65,61.8,0.63,0.3,2.49,0.2,0.39,2.29,0.63,1.66,12,12,51.66,83.72,-9.67,23.68
soil,SSR,0.3,PSA,3,AG,2,3.24,7,50,4,65,91.1,0.65,0.32,2.47,0.2,0.39,2.11,0.43,1.68,12,12,50.77,79.08,-11.07,24.9
soil,SSR,0.3,PSA,3,AG,3,3.04,7,49.5,4,59,89.9,0.66,0.31,2.5,0.21,0.39,2.78,0.43,2.35,12,11,55,79.82,-11.24,24.77
soil,SSR,0.3,PSA,3,AG,4,4.57,8,47.5,6,59,105.1,0.65,0.32,2.47,0.2,0.39,2.24,0.54,1.7,8,10,53.91,83.27,-10.09,20.32
soil,SSR,0.3,PSA,3,AG,5,3.43,8,55,4,75,80.4,0.64,0.3,2.47,0.2,0.37,2.88,0.72,2.16,10,10,56.65,82.54,-10.88,25
soil,SSR,0.3,PSA,3,AG,6,3.21,7,55.5,5,75,98,0.66,0.31,2.5,0.21,0.39,2.24,0.82,1.42,8,10,57.01,80.51,-7.93,17.26
soil,SSR,0.5,PSA,4,AG,1,4.34,8,54.5,5,65,68.9,0.76,0.28,2.72,0.18,0.37,2.85,0.42,2.43,12,12,50.21,84.59,-9.37,23.05
soil,SSR,0.5,PSA,4,AG,2,3.02,7,43,4,59,23.5,0.78,0.26,2.75,0.18,0.37,2.6,0.79,1.81,8,10,53.3,84.59,-10.32,24.07
soil,SSR,0.5,PSA,4,AG,3,3.63,8,53.5,4,59,66.5,0.78,0.26,2.73,0.18,0.38,2.91,0.83,2.08,12,12,53.4,79.06,-10.86,24.16
soil,SSR,0.5,PSA,4,AG,4,4.44,8,52,6,76,121.1,0.76,0.25,2.74,0.18,0.37,2.4,0.76,1.64,8,10,55.87,84.07,-11.44,25.55
soil,SSR,0.5,PSA,4,AG,5,3.32,8,45,6,59,97.6,0.76,0.28,2.72,0.18,0.37,2,0.67,1.33,8,10,50.62,75.56,-11.91,25.37
soil,SSR,0.5,PSA,4,AG,6,3.94,6,55,4,65,89.4,0.74,0.29,2.74,0.18,0.37,2.71,0.46,2.25,10,10,51.19,74.17,-13.16,27.16
soil,SSR,0,PSA,1,CP,1,4.43,8,50.5,4,56,99.5,1.63,0.28,2.89,0.22,0.47,3.16,0.54,2.62,5,10,50.01,77.88,13.1,1.43
soil,SSR,0,PSA,1,CP,2,4.96,8,47,4,59,89.6,1.68,0.25,2.87,0.27,0.56,3.09,0.84,2.25,3,9,52.66,72.88,20.03,1.96
soil,SSR,0,PSA,1,CP,3,4.28,8,54.5,5,59,82.8,1.62,0.27,2.89,0.22,0.47,3.01,0.61,2.4,7,11,53.09,68.62,15.5,2.08
soil,SSR,0,PSA,1,CP,4,4.57,7,49.5,5,59,82.6,1.62,0.27,2.89,0.22,0.47,3.39,0.43,2.96,7,11,54.12,82.93,10.97,3.08
soil,SSR,0,PSA,1,CP,5,4.75,7,60.5,3,61,93.1,1.62,0.27,2.88,0.22,0.47,4.41,0.5,3.91,9,12,45.99,76.75,9.94,1.57
soil,SSR,0,PSA,1,CP,6,3.74,8,65.5,3,59,72.6,1.61,0.27,2.89,0.22,0.47,2.44,0.72,1.72,7,12,50.36,78.04,10.28,1.63
soil,SSR,0.1,PSA,2,CP,1,4.45,8,56,5,65,87.2,0.72,0.34,2.65,0.18,0.46,2.96,0.72,2.24,6,10,55.63,75.69,15.9,2.9
soil,SSR,0.1,PSA,2,CP,2,4.25,7,65.6,3,64,90,0.73,0.35,2.66,0.23,0.56,2.7,0.65,2.05,7,13,40.32,78.81,15.17,3.69
soil,SSR,0.1,PSA,2,CP,3,4.15,7,52,4,64,91.7,0.74,0.34,2.63,0.18,0.46,2.75,0.33,2.42,7,12,55.49,74.39,8.83,1.43
soil,SSR,0.1,PSA,2,CP,4,4.92,7,50,4,65,99.8,0.72,0.34,2.65,0.18,0.46,2.42,0.56,1.86,7,13,53.24,71.41,8.44,3.59
soil,SSR,0.1,PSA,2,CP,5,3.86,7,53.5,3,74,74.6,0.72,0.34,2.65,0.18,0.46,3.82,0.78,3.04,7,12,56.62,75.76,19.32,1.14
soil,SSR,0.1,PSA,2,CP,6,4.07,6,40,4,75,75.1,0.72,0.34,2.65,0.18,0.46,3.16,0.56,2.6,6,10,54.28,83.83,7.33,2.83
soil,SSR,0.3,PSA,4,CP,1,4.82,8,57.5,4,59,86,1.11,0.32,2.72,0.2,0.44,2.41,0.32,2.09,10,13,57.55,78.38,10.17,2.65
soil,SSR,0.3,PSA,4,CP,2,5.52,8,64.8,5,59,90.9,1.15,0.36,2.76,0.25,0.54,2.46,0.51,1.95,8,10,55.69,80.21,8.45,3.97
soil,SSR,0.3,PSA,4,CP,3,4.83,6,58.5,3,59,88.3,1.14,0.32,2.74,0.2,0.44,2.38,0.35,2.03,8,12,56.66,75.67,14.97,1.57
soil,SSR,0.3,PSA,4,CP,4,4.37,8,54.5,4,59,83.4,1.16,0.32,2.75,0.22,0.44,2.62,0.67,1.95,8,10,59.12,75.37,16.31,1.44
soil,SSR,0.3,PSA,4,CP,5,5.06,7,51.5,4,65,113.9,1.15,0.32,2.74,0.2,0.44,3.54,0.96,2.58,8,12,58.77,75.32,15.74,3.68
soil,SSR,0.3,PSA,4,CP,6,4.5,7,55.5,4,62,89.3,1.16,0.33,2.75,0.22,0.44,2.2,0.31,1.89,10,13,54.26,79.43,10.52,3.39
soil,SSR,0.5,PSA,4,CP,1,4.96,7,52.5,6,76,70.2,1.3,0.33,2.81,0.17,0.47,2.89,0.96,1.93,7,10,56.88,74.9,11.54,5.76
soil,SSR,0.5,PSA,4,CP,2,5.45,7,57.5,5,59,78.1,1.32,0.34,2.85,0.22,0.58,1.6,0.38,1.22,5,10,57.91,80.64,12.98,4.61
soil,SSR,0.5,PSA,4,CP,3,4.34,7,50,5,59,87.6,1.31,0.32,2.8,0.17,0.47,3.43,0.6,2.83,8,13,51.11,79.2,14.46,4.81
soil,SSR,0.5,PSA,4,CP,4,4.15,8,50.5,6,61,76.6,1.3,0.32,2.8,0.17,0.47,2.62,0.43,2.19,8,10,56.54,78.55,7.67,5.65
soil,SSR,0.5,PSA,4,CP,5,4.99,7,60.5,4,62,76.4,1.3,0.32,2.8,0.17,0.47,2.59,0.87,1.72,7,10,59.78,70.67,18.44,3.41
soil,SSR,0.5,PSA,4,CP,6,5.03,8,63,5,65,91.1,1.33,0.32,2.8,0.17,0.47,2.94,0.51,2.43,7,10,54.44,80.51,8.3,2.33
soil,SSR,0,PSA,1,BP,1,4.34,6,43,5,56,98.6,1.16,0.39,2.62,0.31,0.59,2.26,0.52,1.74,7,11,43.21,88.35,1.91,1.74
soil,SSR,0,PSA,1,BP,2,4.99,6,51,6,73,96.6,1.18,0.35,2.66,0.38,0.68,2.87,0.47,2.4,9,12,40.69,31.41,37.29,-31.48
soil,SSR,0,PSA,1,BP,3,4.73,5,56,5,62,89.1,1.18,0.37,2.64,0.31,0.58,2.01,0.56,1.45,9,15,42.77,33.24,30.65,-25.69
soil,SSR,0,PSA,1,BP,4,3.84,5,51.5,4,59,110.6,1.18,0.35,2.66,0.38,0.68,2.51,0.61,1.9,9,14,45.89,67.86,13.02,-11.9
soil,SSR,0,PSA,1,BP,5,4.75,6,69,4,64,102.6,1.16,0.35,2.62,0.37,0.67,2.23,0.47,1.76,7,12,42.89,60.04,12.93,-12.03
soil,SSR,0,PSA,1,BP,6,5.3,6,54.5,5,65,116.6,1.18,0.35,2.64,0.38,0.68,2.52,0.78,1.74,7,10,40.97,71.49,9.93,-8.29
soil,SSR,0.1,PSA,2,BP,1,5.27,5,64.5,7,59,102.6,0.95,0.32,2.31,0.24,0.46,1.5,0.32,1.18,10,10,45.87,68.52,10.78,-9.89
soil,SSR,0.1,PSA,2,BP,2,5.87,5,62,7,60,130.4,0.96,0.34,2.33,0.29,0.54,1.69,0.36,1.33,7,10,40.4,65.61,15.96,-12.55
soil,SSR,0.1,PSA,2,BP,3,4.38,5,51,5,65,121.4,0.85,0.27,2.54,0.25,0.47,1.65,0.4,1.25,10,10,45.45,71.17,11.43,-8.47
soil,SSR,0.1,PSA,2,BP,4,4.89,6,62.5,6,65,113.8,0.96,0.34,2.33,0.29,0.54,2.56,0.53,2.03,8,9,45.88,63.93,15.42,-13.49
soil,SSR,0.1,PSA,2,BP,5,4.42,5,55,5,62,109,0.95,0.32,2.31,0.29,0.54,2.24,0.67,1.57,8,10,43.33,84.78,1.51,1.02
soil,SSR,0.1,PSA,2,BP,6,5.32,5,50.5,4,65,120.5,0.96,0.34,2.33,0.29,0.54,2.6,0.37,2.23,10,10,47.77,51.84,17.43,-14.86
soil,SSR,0.3,PSA,3,BP,1,5.22,6,65.5,6,59,112.6,0.94,0.35,2.55,0.26,0.52,2.47,0.54,1.93,8,9,45.98,78.75,3.16,1.25
soil,SSR,0.3,PSA,3,BP,2,5.28,6,64.5,5,60,117.3,0.98,0.35,2.56,0.32,0.6,2.53,0.59,1.94,10,10,48,81.03,3.39,-0.45
soil,SSR,0.3,PSA,3,BP,3,5,6,54.5,5,61,105.5,0.97,0.34,2.22,0.31,0.49,2.88,0.49,2.39,10,10,45.36,40.27,27.5,-22.69
soil,SSR,0.3,PSA,3,BP,4,5.94,6,63,7,62,96.9,0.97,0.34,2.55,0.32,0.6,2.25,0.38,1.87,10,10,52.87,54.71,20.48,-16.12
soil,SSR,0.3,PSA,3,BP,5,4.37,5,56.5,6,65,105.4,0.94,0.33,2.53,0.32,0.61,2.65,0.72,1.93,10,10,47.77,68.78,10.7,-8.33
soil,SSR,0.3,PSA,3,BP,6,5.37,5,59.5,7,76,104.9,0.97,0.34,2.55,0.32,0.6,1.96,0.52,1.44,10,10,45.92,83.74,2.49,0.91
soil,SSR,0.5,PSA,4,BP,1,4.37,6,53.5,6,77,111.6,0.96,0.34,2.76,0.24,0.51,3.47,0.6,2.87,12,10,51.84,53.18,11.64,-10.12
soil,SSR,0.5,PSA,4,BP,2,4.45,6,49,5,59,99.6,0.98,0.36,2.74,0.29,0.6,2.41,0.76,1.65,7,10,46.74,62.65,13.46,-10.19
soil,SSR,0.5,PSA,4,BP,3,4.52,6,54.5,5,62,137.6,0.77,0.49,2.28,0.31,0.49,2.64,0.65,1.99,12,10,47.17,26.43,33.58,-25.99
soil,SSR,0.5,PSA,4,BP,4,4.7,6,51.5,6,65,119,0.98,0.36,2.74,0.29,0.61,2.11,0.32,1.79,12,11,43.12,77.61,7.08,-3.87
soil,SSR,0.5,PSA,4,BP,5,3.94,5,47,5,65,106.6,0.96,0.34,2.76,0.29,0.6,1.96,0.44,1.52,10,10,46.54,52.55,22.3,-18.11
soil,SSR,0.5,PSA,4,BP,6,3.95,5,52.5,4,75,104,0.98,0.36,2.74,0.29,0.61,2.17,0.32,1.85,10,10,46.01,48.22,21.17,-17.09
soil,SSR,0,PSA,1,KW,1,4.08,8,66.5,3,64,99,1.34,0.35,2.36,0.24,0.47,3.71,0.61,3.1,7,11,42.98,86.24,-2.15,6.58
soil,SSR,0,PSA,1,KW,2,4.92,7,63.5,3,65,74.5,1.36,0.38,2.32,0.31,0.57,3.9,0.68,3.22,7,13,44.62,90.57,-0.85,3.83
soil,SSR,0,PSA,1,KW,3,3.86,7,56.7,3,65,90.8,1.33,0.37,2.35,0.24,0.47,3.36,0.63,2.73,7,11,42.36,87.73,-0.53,2.32
soil,SSR,0,PSA,1,KW,4,4.03,7,54.5,2,65,117.7,1.31,0.37,2.38,0.24,0.47,3.64,0.47,3.17,7,14,44.06,85.13,-2.29,7.68
soil,SSR,0,PSA,1,KW,5,4.63,7,63.5,4,63,134,1.33,0.37,2.34,0.24,0.47,4.54,0.43,4.11,7,11,40.88,90.19,-0.7,3.84
soil,SSR,0,PSA,1,KW,6,4.89,7,61,4,60,125.1,1.31,0.37,2.38,0.24,0.47,2.94,0.85,2.09,10,15,41.22,91.9,-0.79,3.35
soil,SSR,0.1,PSA,2,KW,1,4.36,7,66.5,4,61,109.4,0.83,0.41,1.91,0.2,0.35,4.4,0.65,3.75,10,14,47.12,82.71,0.02,2.05
soil,SSR,0.1,PSA,2,KW,2,4.23,7,67,6,65,128.7,0.86,0.45,1.98,0.24,0.41,1.01,0.49,0.52,10,14,48.55,89.11,-0.94,5.4
soil,SSR,0.1,PSA,2,KW,3,4.26,7,58.5,5,65,119.4,0.81,0.42,1.93,0.2,0.35,1.61,0.69,0.92,8,15,51,91.42,0.03,2.6
soil,SSR,0.1,PSA,2,KW,4,4.29,7,64.5,4,60,125.5,0.83,0.41,1.91,0.2,0.35,3.09,0.64,2.45,8,14,44.21,91.76,0.14,2.45
soil,SSR,0.1,PSA,2,KW,5,4.13,7,65.5,5,62,130.5,0.83,0.41,1.91,0.2,0.35,3.72,0.4,3.32,12,14,40.23,91.54,0.17,2.49
soil,SSR,0.1,PSA,2,KW,6,4.41,6,58.5,4,64,112.5,0.83,0.41,1.91,0.2,0.35,3.58,0.61,2.97,10,13,42.47,91.03,-0.11,3.56
soil,SSR,0.3,PSA,3,KW,1,4.5,7,63.5,4,65,133.8,0.74,0.42,1.89,0.24,0.4,3.81,0.53,3.28,10,11,44.31,82.02,-0.44,4.25
soil,SSR,0.3,PSA,3,KW,2,4.05,6,59.5,5,59,124.7,0.72,0.44,1.88,0.28,0.46,3.12,0.66,2.46,8,10,42.65,91.11,-0.13,2.6
soil,SSR,0.3,PSA,3,KW,3,4.88,7,60,5,59,130.6,0.76,0.43,1.87,0.23,0.4,5.42,0.69,4.73,12,14,45.77,85.1,-0.69,4.87
soil,SSR,0.3,PSA,3,KW,4,4.36,6,58,4,77,115.7,0.75,0.42,1.89,0.24,0.4,2.71,0.38,2.33,7,10,48.26,90.76,-0.09,2.87
soil,SSR,0.3,PSA,3,KW,5,5.2,6,49.5,4,62,89.4,0.74,0.44,1.89,0.24,0.41,2.91,0.63,2.28,8,10,45.54,91.26,-0.59,4.68
soil,SSR,0.3,PSA,3,KW,6,4.04,6,50,5,65,115,0.75,0.42,1.89,0.24,0.4,3.73,0.42,3.31,12,14,53.33,88.62,-1.13,5.2
soil,SSR,0.5,PSA,4,KW,1,4.44,7,68,7,76,89.1,0.29,2.75,1.81,0.22,0.35,4.2,0.45,3.75,12,10,41.12,91.34,-1.67,6.8
soil,SSR,0.5,PSA,4,KW,2,4.09,6,52.5,4,62,67.2,0.27,2.76,1.85,0.27,0.4,3.86,0.39,3.47,10,10,45.54,87.86,-2.96,9.99
soil,SSR,0.5,PSA,4,KW,3,4.63,7,58,4,65,103.8,0.28,2.74,1.81,0.22,0.35,4.26,0.77,3.49,12,14,49.66,89.55,-0.73,3.93
soil,SSR,0.5,PSA,4,KW,4,5.04,7,66.5,5,65,98.6,0.28,2.74,1.81,0.22,0.35,3.67,0.43,3.24,10,10,48.77,88.44,-0.46,3.56
soil,SSR,0.5,PSA,4,KW,5,5.02,6,70,5,65,101.9,0.28,2.74,1.81,0.22,0.35,4.43,0.9,3.53,10,10,42.65,91.66,-2.24,7.56
soil,SSR,0.5,PSA,4,KW,6,5,6,58,4,75,137.7,0.28,2.74,1.81,0.22,0.35,3.11,0.42,2.69,8,10,45.19,88.33,-1.53,6.29
Nutrient solution,HSV,0,NSA,1,AG,1,3.03,7,64,3,56,108,1.12,1.47,3.23,0.18,0.65,2.6,1.29,1.31,5,10,48.85,80.93,-10.4,18.92
Nutrient solution,HSV,0,NSA,1,AG,2,3.24,8,55.5,2,65,103.9,1.14,1.45,3.24,0.19,0.66,2.79,1.34,1.45,5,11,50.79,80.93,-10.4,18.92
Nutrient solution,HSV,0,NSA,1,AG,3,3.81,8,57.8,2,59,121.2,1.11,1.47,3.25,0.18,0.64,2.45,1.04,1.41,5,10,51.35,83.37,-11.4,21.17
Nutrient solution,HSV,0,NSA,1,AG,4,3.91,7,45,4,59,133.3,1.13,1.45,3.25,0.19,0.66,3,1.46,1.54,6,10,52.76,75.38,-13.14,24.48
Nutrient solution,HSV,0,NSA,1,AG,5,3.6,7,43.5,2,59,118.2,1.16,1.47,3.24,0.18,0.62,2.72,1.35,1.37,5,11,49.71,59.81,-13.68,24.43
Nutrient solution,HSV,0,NSA,1,AG,6,2.88,8,54,2,59,88.6,1.14,1.44,3.25,0.17,0.64,2.7,1.06,1.64,15,9,49.97,64.63,-8.78,16.32
Nutrient solution,HSV,0.1,NSA,2,AG,1,3.23,8,43,2,59,100.6,1.06,0.7,3.13,0.16,0.53,2.29,1.08,1.21,5,10,46.72,79.96,-13.41,28.18
Nutrient solution,HSV,0.1,NSA,2,AG,2,3.2,8,53.5,2,61,99.6,1.05,0.72,3.15,0.18,0.58,2.71,0.89,1.82,5,10,38.58,75.02,-12.23,24.52
Nutrient solution,HSV,0.1,NSA,2,AG,3,3.82,9,49,3,76,56.4,1.08,0.71,3.13,0.16,0.55,2.75,1.31,1.44,10,14,41.74,70.7,-13.11,24.17
Nutrient solution,HSV,0.1,NSA,2,AG,4,3.3,9,39,2,77,75.9,1.05,0.72,3.15,0.18,0.58,2.98,1.18,1.8,16,10,43.01,85.66,-9.76,18.06
Nutrient solution,HSV,0.1,NSA,2,AG,5,3.68,10,42,2,75,103,1.08,0.74,3.14,0.16,0.53,2.19,0.69,1.5,7,10,43.65,75.22,-11.03,21.1
Nutrient solution,HSV,0.1,NSA,2,AG,6,3.26,8,46.5,2,80,98.2,1.04,0.71,3.13,0.16,0.53,2.46,1.13,1.33,8,10,48.9,79.38,-11.41,21.68
Nutrient solution,HSV,0.3,NSA,3,AG,1,4.01,9,56,3,65,105,0.63,2.6,3.38,0.17,0.58,2.67,1.11,1.56,10,10,44.16,70.23,-10.13,20.41
Nutrient solution,HSV,0.3,NSA,3,AG,2,3.39,8,51.5,2,65,111.7,0.61,2.62,3.36,0.16,0.59,3.01,1.23,1.78,16,11,49.23,84.22,-7.47,14.68
Nutrient solution,HSV,0.3,NSA,3,AG,3,3.76,8,48.5,2,65,114,0.61,2.61,3.37,0.17,0.57,2.79,1.03,1.76,12,11,39.61,80.78,-9.8,18.64
Nutrient solution,HSV,0.3,NSA,3,AG,4,3.33,8,44,2,65,96.3,0.61,2.62,3.36,0.16,0.59,2.19,0.97,1.22,8,10,39.07,82.84,-7.99,15.32
Nutrient solution,HSV,0.3,NSA,3,AG,5,4.5,12,54,4,68,104.5,0.65,2.62,3.38,0.16,0.58,2.18,1.14,1.04,6,10,44.72,76.13,-10.88,19.56
Nutrient solution,HSV,0.3,NSA,3,AG,6,3.87,7,48,3,68,93.2,0.62,2.61,3.37,0.17,0.58,2.36,1.1,1.26,10,11,43.81,69.66,-8.35,15.9
Nutrient solution,HSV,0.5,NSA,4,AG,1,3.83,8,61.5,2,59,114,1.37,0.6,3.28,0.17,0.59,2.84,0.88,1.96,12,12,49.58,55.04,-13.39,25.07
Nutrient solution,HSV,0.5,NSA,4,AG,2,3.36,7,49,2,65,90.6,1.39,0.61,3.27,0.18,0.58,2.64,1.25,1.39,10,12,37.15,75.6,-7.85,13.93
Nutrient solution,HSV,0.5,NSA,4,AG,3,3.57,7,50,3,65,70.7,1.36,0.61,3.29,0.17,0.58,2.81,1.06,1.75,5,10,49.82,55,-11.17,20.7
Nutrient solution,HSV,0.5,NSA,4,AG,4,3.14,8,51,2,65,114.5,1.37,0.6,3.26,0.18,0.58,2.58,1.58,1,5,10,48.84,76.39,-12.79,23.57
Nutrient solution,HSV,0.5,NSA,4,AG,5,4.61,8,56.5,2,65,136.2,1.36,0.6,3.28,0.16,0.58,2.63,1.24,1.39,5,10,44.4,61.94,-11.36,19.75
Nutrient solution,HSV,0.5,NSA,4,AG,6,3.06,7,43,3,68,103.8,1.34,0.6,3.29,0.17,0.58,2.47,1.29,1.18,5,9,49.85,74.37,-9.37,17.59
Nutrient solution,HSV,0,NSA,1,CP,1,3.27,8,60.5,2,59,104,1.04,0.89,2.46,0.2,0.39,4.34,1.7,2.64,5,17,51.31,79.32,3.63,3.62
Nutrient solution,HSV,0,NSA,1,CP,2,4.43,8,57,2,59,128,1.06,0.88,2.47,0.26,0.48,4.27,1.59,2.68,6,13,52.13,50.87,3.22,6.69
Nutrient solution,HSV,0,NSA,1,CP,3,4.65,8,56,4,76,87.9,1.02,0.88,2.46,0.2,0.39,3.99,1.27,2.72,7,15,52.39,53.05,1.75,11.96
Nutrient solution,HSV,0,NSA,1,CP,4,4.05,9,67.6,3,65,97.3,1.06,0.88,2.44,0.2,0.39,3.23,0.94,2.29,7,11,57.14,72.21,7.16,3.66
Nutrient solution,HSV,0,NSA,1,CP,5,3.72,8,53.5,3,65,92.9,1.04,0.88,2.46,0.2,0.39,2.84,1.53,1.31,5,10,48.79,79.79,6.82,3.07
Nutrient solution,HSV,0,NSA,1,CP,6,4.69,8,56,2,64,120,1.06,0.88,2.44,0.2,0.39,3.54,1.27,2.27,5,12,55.22,79.54,3.01,2.28
Nutrient solution,HSV,0.1,NSA,2,CP,1,4.28,7,65,2,65,95.9,1.09,0.48,2.35,0.25,0.45,3.56,1.24,2.32,5,16,47.31,78.66,7.17,2.2
Nutrient solution,HSV,0.1,NSA,2,CP,2,4.3,8,70.5,2,64,126.7,1.06,0.47,2.38,0.32,0.54,3.17,1.07,2.1,5,12,53.97,74.56,5.49,3.83
Nutrient solution,HSV,0.1,NSA,2,CP,3,4.51,7,63.5,3,65,98.1,1.08,0.45,2.34,0.25,0.45,3.37,1.37,2,5,12,53.6,83.1,9.73,3.79
Nutrient solution,HSV,0.1,NSA,2,CP,4,3.84,7,57,3,65,117.2,1.08,0.48,2.34,0.25,0.45,3.61,1.54,2.07,10,14,47.27,81.2,9.25,4.46
Nutrient solution,HSV,0.1,NSA,2,CP,5,4.12,8,62,3,65,116.6,1.09,0.48,2.34,0.25,0.45,2.88,1.42,1.46,6,10,50.18,83.41,5.73,3.86
Nutrient solution,HSV,0.1,NSA,2,CP,6,4.59,9,63,3,65,108.2,1.08,0.48,2.34,0.25,0.45,3.38,1.53,1.85,5,13,55.02,85.15,5.11,4.08
Nutrient solution,HSV,0.3,NSA,3,CP,1,4.07,7,56,3,65,102.8,0.92,0.78,2.65,0.23,0.56,3.85,1.21,2.64,12,16,51.6,84.68,6.85,3.7
Nutrient solution,HSV,0.3,NSA,3,CP,2,4.03,8,61,4,63,129.6,0.95,0.75,2.66,0.29,0.68,3.82,1.44,2.38,8,13,53.11,63.41,4.09,2.69
Nutrient solution,HSV,0.3,NSA,3,CP,3,4.44,9,73,4,65,105.3,0.91,0.77,2.64,0.23,0.56,3.25,1.06,2.19,8,15,47.53,81.53,3.78,3.68
Nutrient solution,HSV,0.3,NSA,3,CP,4,4.14,8,57,3,65,129.2,0.91,0.77,2.64,0.23,0.56,3.04,1.16,1.88,8,11,48.61,85.41,5.19,4.03
Nutrient solution,HSV,0.3,NSA,3,CP,5,3.81,8,56.5,2,62,131.2,0.91,0.76,2.64,0.23,0.56,4.47,0.58,3.89,7,21,50.14,80.84,3.24,2.35
Nutrient solution,HSV,0.3,NSA,3,CP,6,4.02,7,48,2,62,102.6,0.91,0.77,2.64,0.23,0.56,3.91,1.63,2.28,7,12,54.84,78.91,4.21,4.26
Nutrient solution,HSV,0.5,NSA,4,CP,1,4.87,9,70.5,3,65,114.2,0.95,1.39,2.7,0.24,0.55,3.72,1.29,2.43,10,15,45.68,75.68,9.61,2.66
Nutrient solution,HSV,0.5,NSA,4,CP,2,4.05,7,48.5,3,68,100.5,0.97,1.38,2.73,0.31,0.67,3.45,1.19,2.26,12,13,49.68,79.77,10.62,3.32
Nutrient solution,HSV,0.5,NSA,4,CP,3,4.82,8,58,3,68,94.7,0.94,1.37,2.69,0.24,0.55,3.34,1.36,1.98,6,15,53.11,79.16,9.06,2.37
Nutrient solution,HSV,0.5,NSA,4,CP,4,4.54,8,59,4,65,97.2,0.95,1.39,2.69,0.24,0.55,3.77,1.18,2.59,5,12,55.45,86.7,6.72,4.32
Nutrient solution,HSV,0.5,NSA,4,CP,5,4.49,8,56,5,75,80.9,0.97,1.39,2.69,0.24,0.55,4.11,1.07,3.04,6,12,56.35,86.47,8.43,4.42
Nutrient solution,HSV,0.5,NSA,4,CP,6,4.61,8,64,3,65,108.1,0.95,1.39,2.69,0.24,0.55,3.88,1.6,2.28,6,13,55.77,80.07,1.93,3.88
Nutrient solution,HSV,0,NSA,1,BP,1,3.72,6,47.5,3,56,128.9,1.15,1.71,2.77,0.36,0.89,2.99,1.02,1.97,9,11,46.22,83.48,4.42,-2.17
Nutrient solution,HSV,0,NSA,1,BP,2,3.59,6,61.5,2,56,113.8,1.16,1.72,2.78,0.42,1,2.35,1.08,1.27,7,10,42.4,66.35,-0.45,2.38
Nutrient solution,HSV,0,NSA,1,BP,3,4.88,7,67,4,59,122.9,1.17,1.73,2.78,0.36,0.89,2.84,1.29,1.55,9,15,43.1,75.51,0.28,5.52
Nutrient solution,HSV,0,NSA,1,BP,4,4.2,6,62.5,2,59,72.3,1.16,1.72,2.78,0.43,1.01,3.01,1.1,1.91,7,11,43.85,70.26,7.7,-4.57
Nutrient solution,HSV,0,NSA,1,BP,5,3.59,6,45,4,61,104.5,1.15,1.71,2.77,0.36,1.04,3.05,0.91,2.14,7,12,47.97,58.58,9.77,-7.53
Nutrient solution,HSV,0,NSA,1,BP,6,3.77,6,46.5,3,72,134,1.17,1.7,2.74,0.36,0.89,2.12,0.81,1.31,12,10,43.48,89.09,-0.35,2.18
Nutrient solution,HSV,0.1,NSA,2,BP,1,5.04,6,61,4,68,138.6,1.36,0.7,2.74,0.33,0.83,3.72,1.24,2.48,12,18,39.35,32.85,26.28,-21.47
Nutrient solution,HSV,0.1,NSA,2,BP,2,4.08,6,46.5,3,68,120.6,1.35,0.72,2.75,0.38,0.92,3.78,1,2.78,10,16,41.19,63.4,14.37,-12.82
Nutrient solution,HSV,0.1,NSA,2,BP,3,3.7,6,50,3,65,122.6,1.34,0.69,2.72,0.33,0.87,3.47,1.23,2.24,8,10,40.98,82.09,0.06,1.18
Nutrient solution,HSV,0.1,NSA,2,BP,4,4.32,7,23,3,68,108.9,1.35,0.72,2.75,0.38,0.92,2.77,0.77,2,7,13,40.02,39.41,32.15,-25.77
Nutrient solution,HSV,0.1,NSA,2,BP,5,4.74,6,49,4,65,138.7,1.36,0.7,2.74,0.38,0.92,4.28,1.1,3.18,10,19,42.09,72.77,1.07,1.48
Nutrient solution,HSV,0.1,NSA,2,BP,6,4.28,6,45.5,4,65,109.7,1.34,0.69,2.72,0.33,0.83,2.99,1.18,1.81,10,13,41.42,86.83,-0.5,3.16
Nutrient solution,HSV,0.3,NSA,3,BP,1,4.58,7,55.5,4,64,140.2,1,0.65,2.6,0.27,0.77,2.88,0.84,2.04,11,10,45.94,73.99,5.46,-3.01
Nutrient solution,HSV,0.3,NSA,3,BP,2,4.01,6,53.5,2,64,146.4,1.05,0.66,2.61,0.32,0.85,3.94,0.77,3.17,7,15,47.01,72.74,5.92,-3.01
Nutrient solution,HSV,0.3,NSA,3,BP,3,3.33,5,40,2,65,118.7,1.03,0.66,2.59,0.26,0.77,2.73,0.79,1.94,11,11,41.83,50.38,22.85,-19.63
Nutrient solution,HSV,0.3,NSA,3,BP,4,4.19,6,62.5,2,65,134.6,1.05,0.66,2.61,0.32,0.85,2.75,0.88,1.87,16,10,47.2,85.55,2.53,-0.81
Nutrient solution,HSV,0.3,NSA,3,BP,5,4.46,7,58.5,2,65,144.9,1.03,0.65,2.63,0.33,0.85,4.84,1.57,3.27,16,16,48.42,63.5,13.8,-10.41
Nutrient solution,HSV,0.3,NSA,3,BP,6,4.92,7,53,3,59,116.3,1.03,0.66,2.59,0.27,0.77,2.65,0.99,1.66,16,10,44.13,75.77,9.46,-7.06
Nutrient solution,HSV,0.5,NSA,4,BP,1,3.93,6,48.5,3,56,136.9,1.27,0.62,2.42,0.28,0.75,2.93,0.71,2.22,8,10,38.83,69.41,11.36,-9.65
Nutrient solution,HSV,0.5,NSA,4,BP,2,4.94,6,52,4,65,131.6,1.26,0.63,2.43,0.34,0.84,2.32,0.95,1.37,8,10,43.33,73.08,8.45,-5.67
Nutrient solution,HSV,0.5,NSA,4,BP,3,4.05,6,50.5,2,75,133.6,1.28,0.64,2.41,0.28,0.76,3.89,0.76,3.13,8,10,49.96,43.15,31.49,-26.81
Nutrient solution,HSV,0.5,NSA,4,BP,4,3.92,6,60,3,59,135.5,1.26,0.63,2.43,0.34,0.84,2.91,0.95,1.96,10,15,46.05,67.91,7.71,-5.22
Nutrient solution,HSV,0.5,NSA,4,BP,5,4.4,7,50.5,3,77,139.5,1.27,0.62,2.42,0.34,0.84,3.02,1.67,1.35,10,16,42.16,87.92,0.5,2.51
Nutrient solution,HSV,0.5,NSA,4,BP,6,4.46,7,52,3,79,140.4,1.24,0.64,2.44,0.28,0.75,2.77,1.19,1.58,12,10,43.99,87.92,0.5,2.51
Nutrient solution,HSV,0,NSA,1,KW,1,4.09,7,52,3,65,117.4,1.51,0.77,2.36,0.21,0.51,3.67,1.42,2.25,8,10,48.66,89.14,-0.82,2.72
Nutrient solution,HSV,0,NSA,1,KW,2,3.51,7,61.5,2,65,130,1.53,0.79,2.35,0.27,0.61,3.92,1.52,2.4,5,15,54.56,91.11,-0.63,3.37
Nutrient solution,HSV,0,NSA,1,KW,3,4.38,8,61,4,59,122.2,1.49,0.77,2.35,0.21,0.51,3.57,0.66,2.91,8,11,52.01,91.03,-0.57,2.6
Nutrient solution,HSV,0,NSA,1,KW,4,3.38,8,55,3,65,143.6,1.47,0.78,2.35,0.21,0.51,4.35,1.42,2.93,6,15,45.81,89.91,-0.79,3.43
Nutrient solution,HSV,0,NSA,1,KW,5,3.87,7,59,3,65,117.3,1.54,0.74,2.33,0.27,0.56,4.73,0.62,4.11,11,15,49.88,90.44,-0.74,3.29
Nutrient solution,HSV,0,NSA,1,KW,6,4,7,57.5,3,62,129.8,1.47,0.78,2.35,0.21,0.51,4.19,0.84,3.35,8,15,41.63,89.06,-0.79,3.63
Nutrient solution,HSV,0.1,NSA,2,KW,1,4.17,7,61,2,59,153.7,1.54,0.58,2.3,0.18,0.44,3.38,1.9,1.48,6,15,45.7,83.31,-0.7,2.92
Nutrient solution,HSV,0.1,NSA,2,KW,2,3.71,7,58,3,61,139.7,1.54,0.56,2.29,0.17,0.44,3.86,1.49,2.37,8,10,45.56,68.44,-1.44,3.77
Nutrient solution,HSV,0.1,NSA,2,KW,3,3.8,7,59,2,62,163.9,1.54,0.56,2.29,0.17,0.44,3.58,1.24,2.34,5,12,48.17,87.04,-3.11,8.16
Nutrient solution,HSV,0.1,NSA,2,KW,4,3.87,8,58,3,65,150.3,1.54,0.56,2.29,0.17,0.44,3.89,1.22,2.67,6,15,48.15,89.41,-0.22,2.08
Nutrient solution,HSV,0.1,NSA,2,KW,5,5.03,7,63.5,3,65,145.3,1.51,0.57,2.32,0.22,0.52,4,1.23,2.77,8,10,46.85,86.06,-1.13,4.23
Nutrient solution,HSV,0.1,NSA,2,KW,6,4.19,8,65.5,3,64,154,1.54,0.56,2.29,0.17,0.44,4.43,0.81,3.62,8,15,51.7,84.43,-0.88,3.43
Nutrient solution,HSV,0.3,NSA,3,KW,1,3.08,6,34,4,76,130,1.43,0.89,2.33,0.14,0.45,3.46,1.42,2.04,8,10,48.379,84.95,-0.54,2.46
Nutrient solution,HSV,0.3,NSA,3,KW,2,4.52,8,68,3,62,146.6,1.45,0.87,2.35,0.17,0.52,4.11,0.48,3.63,8,15,43,90.18,-0.43,2.68
Nutrient solution,HSV,0.3,NSA,3,KW,3,4.25,7,60.5,3,68,131.6,1.43,0.88,2.32,0.14,0.46,4.06,1.4,2.66,8,15,39.72,90.16,-0.95,5.29
Nutrient solution,HSV,0.3,NSA,3,KW,4,4.12,7,41,3,75,129.4,1.43,0.88,2.32,0.14,0.46,3.14,0.7,2.44,10,10,41,87.4,-0.38,2.13
Nutrient solution,HSV,0.3,NSA,3,KW,5,5,7,58.5,4,76,160.6,1.41,0.87,2.35,0.17,0.52,3.98,0.7,3.28,12,15,37.83,90.02,-2.2,5.74
Nutrient solution,HSV,0.3,NSA,3,KW,6,3.6,7,46,3,75,118.7,1.43,0.88,2.32,0.14,0.46,3.8,0.52,3.28,8,10,39.05,92.28,-0.81,4.01
Nutrient solution,HSV,0.5,NSA,4,KW,1,3.87,8,54,3,74,148.9,1.47,0.89,2.3,0.18,0.45,5.57,0.62,4.95,8,15,48,81.51,-1.8,5.6
Nutrient solution,HSV,0.5,NSA,4,KW,2,4.08,7,64.5,2,65,173,1.46,0.88,2.35,0.22,0.51,4.19,0.92,3.27,16,15,36.37,90.63,-0.93,4.21
Nutrient solution,HSV,0.5,NSA,4,KW,3,3.65,8,56,3,77,130.1,1.46,0.86,2.28,0.18,0.45,3.53,0.55,2.98,16,10,41.63,72.38,-0.44,2.97
Nutrient solution,HSV,0.5,NSA,4,KW,4,4.56,7,51,4,78,136.5,1.46,0.86,2.28,0.18,0.45,3.11,0.57,2.54,8,10,42.74,90.95,-1.26,5.37
Nutrient solution,HSV,0.5,NSA,4,KW,5,4.2,7,59.5,3,75,138.4,1.47,0.87,2.29,0.18,0.45,3.29,0.86,2.43,8,10,44.89,92.84,-0.74,3.48
Nutrient solution,HSV,0.5,NSA,4,KW,6,3.92,7,48,3,65,126.6,1.46,0.86,2.28,0.18,0.45,2.92,0.84,2.08,8,10,40.55,78.63,-0.83,3.03
Nutrient solution,HSR,0,NSA,1,AG,1,4.19,8,52,4,64,115.4,1.12,1.47,3.23,0.18,0.65,3.52,1.94,1.58,10,12,55.63,77.11,-14.83,28.16
Nutrient solution,HSR,0,NSA,1,AG,2,4.29,9,45,4,68,111,1.14,1.45,3.24,0.19,0.66,2.42,1.37,1.05,10,12,52.44,80.02,-14.22,27.86
Nutrient solution,HSR,0,NSA,1,AG,3,3.63,8,52,4,65,111.8,1.11,1.47,3.25,0.18,0.64,2.15,1.28,0.87,13,10,49.37,80.78,-11.74,23.76
Nutrient solution,HSR,0,NSA,1,AG,4,3.73,8,53,3,56,91.6,1.13,1.45,3.25,0.19,0.66,2.52,1.42,1.1,8,11,52.56,77.5,-15.31,30.13
Nutrient solution,HSR,0,NSA,1,AG,5,3.51,9,41,2,59,122.7,1.16,1.47,3.24,0.18,0.62,2.68,1.67,1.01,13,10,58.12,78.47,-16.04,31.24
Nutrient solution,HSR,0,NSA,1,AG,6,2.66,7,45.5,3,65,122.5,1.14,1.44,3.25,0.17,0.64,2.37,1.25,1.12,11,10,52.12,80.59,-11.77,23.77
Nutrient solution,HSR,0.1,NSA,2,AG,1,3.65,9,45,4,65,115.6,1.47,0.54,3.02,0.18,0.59,3.05,1.64,1.41,11,11,52.46,81.67,-15.78,31.74
Nutrient solution,HSR,0.1,NSA,2,AG,2,3.41,10,54.5,4,65,106.5,1.49,0.53,3.03,0.17,0.59,2.16,1.55,0.61,7,11,54.25,83.53,-15.04,28.51
Nutrient solution,HSR,0.1,NSA,2,AG,3,3.81,9,41.5,4,56,106,1.48,0.53,3.02,0.18,0.58,1.79,1.07,0.72,8,10,56.23,83.75,-15.56,29.39
Nutrient solution,HSR,0.1,NSA,2,AG,4,3.54,9,38.5,3,73,101.7,1.49,0.53,3.03,0.17,0.59,2.67,1.47,1.2,13,10,58.62,80.31,-16.52,31.79
Nutrient solution,HSR,0.1,NSA,2,AG,5,3.34,8,47.5,2,56,99.9,1.46,0.53,3.02,0.18,0.59,3.58,3.4,0.18,19,10,55.47,77.81,-14.78,28.73
Nutrient solution,HSR,0.1,NSA,2,AG,6,3.18,8,34,4,65,104.7,1.46,0.54,3.02,0.18,0.59,2.34,1.56,0.78,7,12,57.61,80.19,-15.29,28.99
Nutrient solution,HSR,0.3,NSA,3,AG,1,3.48,7,45,4,65,107,1.39,0.6,3.17,0.16,0.59,2.75,1.77,0.98,13,11,52.15,82.99,-14.16,27.34
Nutrient solution,HSR,0.3,NSA,3,AG,2,3.1,9,52.5,3,61,106.1,1.38,0.6,3.19,0.16,0.59,2.3,1.39,0.91,6,10,51.18,79.5,-15.52,29.4
Nutrient solution,HSR,0.3,NSA,3,AG,3,3.23,9,51.5,4,65,106.5,1.38,0.62,3.17,0.16,0.59,2.41,1.42,0.99,8,10,55.32,75.81,-13.91,26.39
Nutrient solution,HSR,0.3,NSA,3,AG,4,2.92,9,41,5,62,89.9,1.38,0.6,3.19,0.16,0.59,1.93,0.88,1.05,5,12,55.75,83.02,-15.54,30.15
Nutrient solution,HSR,0.3,NSA,3,AG,5,3.94,9,46.5,5,56,124.5,1.37,0.62,3.19,0.16,0.59,2.73,1.75,0.98,6,12,57.94,81.88,-13.5,27.64
Nutrient solution,HSR,0.3,NSA,3,AG,6,3.52,9,44.5,5,77,120.2,1.37,0.62,3.17,0.16,0.59,3.62,2.67,0.95,16,10,56.95,79.14,-16.58,31.68
Nutrient solution,HSR,0.5,NSA,4,AG,1,3.13,9,46,6,65,106.5,1.27,0.52,3.25,0.14,0.59,2.65,1.85,0.8,13,10,51.46,80.26,-15.7,30.52
Nutrient solution,HSR,0.5,NSA,4,AG,2,3.27,9,45,4,65,110.9,1.29,0.53,3.27,0.15,0.58,2.26,1.61,0.65,13,10,54.61,82.52,-15.3,28.83
Nutrient solution,HSR,0.5,NSA,4,AG,3,3.44,9,36,3,68,105.3,1.25,0.53,3.25,0.14,0.59,2.27,1.55,0.72,10,12,54.66,80.37,-14.99,28.87
Nutrient solution,HSR,0.5,NSA,4,AG,4,5,9,48,4,59,120.5,1.3,0.53,3.27,0.15,0.58,2.05,1.47,0.58,10,10,56.43,83.84,-13.51,26.84
Nutrient solution,HSR,0.5,NSA,4,AG,5,3.55,9,51.5,6,64,127.1,1.27,0.52,3.25,0.16,0.58,2.35,1.72,0.63,16,10,51.52,83.77,-13.97,27.03
Nutrient solution,HSR,0.5,NSA,4,AG,6,3.68,8,44,6,65,112.2,1.25,0.53,3.24,0.14,0.59,1.94,1.52,0.42,10,10,51.32,79.99,-17.61,32.39
Nutrient solution,HSR,0,NSA,1,CP,1,3.64,7,56,3,59,90.1,1.04,0.89,2.46,0.2,0.39,3.55,1.46,2.09,8,14,55.9,76.34,5.62,4
Nutrient solution,HSR,0,NSA,1,CP,2,3.86,8,43.5,3,59,81.9,1.06,0.88,2.47,0.26,0.48,3.8,0.88,2.92,11,12,59.21,71.54,3.27,2.79
Nutrient solution,HSR,0,NSA,1,CP,3,3.98,6,36,3,64,86.5,1.02,0.88,2.46,0.2,0.39,3.82,0.93,2.89,6,15,61.32,78.74,5.71,3.73
Nutrient solution,HSR,0,NSA,1,CP,4,3.13,8,48,4,64,114.7,1.06,0.88,2.44,0.2,0.39,3.14,0.78,2.36,10,12,61.32,84.46,5.73,2.14
Nutrient solution,HSR,0,NSA,1,CP,5,4.06,9,46.5,4,67,82.9,1.04,0.88,2.46,0.2,0.39,3.11,0.97,2.14,6,16,51.06,79.28,6.82,1.85
Nutrient solution,HSR,0,NSA,1,CP,6,3.95,8,39,3,68,77.3,1.06,0.88,2.44,0.2,0.39,2.6,0.82,1.78,10,12,66.18,73.26,5.14,2.12
Nutrient solution,HSR,0.1,NSA,2,CP,1,4.37,9,45.5,3,65,114.5,1.18,0.95,2.6,0.22,0.54,3.53,1.47,2.06,11,13,57.54,80.86,3.68,2.98
Nutrient solution,HSR,0.1,NSA,2,CP,2,4.81,7,56.5,3,65,104.4,1.19,0.98,2.65,0.29,0.66,3.44,1.32,2.12,16,15,41.9,83.78,6.76,7.23
Nutrient solution,HSR,0.1,NSA,2,CP,3,4.65,9,58.5,5,64,103.3,1.19,0.97,2.6,0.22,0.54,3.33,1.71,1.62,11,11,58.14,85.17,3.72,5.7
Nutrient solution,HSR,0.1,NSA,2,CP,4,5.44,9,63,4,64,137.6,1.18,0.95,2.6,0.22,0.54,3.5,1.59,1.91,11,13,54.59,83.2,8.96,3.14
Nutrient solution,HSR,0.1,NSA,2,CP,5,4.96,6,56.5,4,62,126.3,1.18,0.95,2.63,0.22,0.54,3.62,2.15,1.47,16,11,57.79,79.92,1.95,7.55
Nutrient solution,HSR,0.1,NSA,2,CP,6,4.23,8,53,4,65,114.5,1.17,0.95,2.6,0.22,0.54,3.05,1.89,1.16,11,12,55.81,75.08,8.36,2.2
Nutrient solution,HSR,0.3,NSA,3,CP,1,5.16,9,59,5,59,122.8,1.05,1.61,2.88,0.23,0.58,3.08,1.54,1.54,11,12,59.03,80.54,8.32,3.04
Nutrient solution,HSR,0.3,NSA,3,CP,2,4.07,9,54.5,3,65,110.3,1.06,1.63,2.86,0.3,0.71,3.08,1.39,1.69,13,13,56.25,81.53,6.97,1.79
Nutrient solution,HSR,0.3,NSA,3,CP,3,3.68,8,48,3,65,104.8,1.04,1.6,2.84,0.23,0.58,2.49,1.23,1.26,13,12,57.19,60.04,4.33,1.9
Nutrient solution,HSR,0.3,NSA,3,CP,4,4.2,8,55,4,59,108.5,1.04,1.6,2.88,0.23,0.58,3.05,1.07,1.98,13,13,60.08,84.41,6.46,3.93
Nutrient solution,HSR,0.3,NSA,3,CP,5,4.24,7,50,5,61,102,1.04,1.6,2.88,0.23,0.58,3.42,1.56,1.86,13,12,59.22,76.02,4.07,3.58
Nutrient solution,HSR,0.3,NSA,3,CP,6,4.21,8,53.5,5,65,117.2,1.04,1.6,2.87,0.22,0.57,3.75,1.77,1.98,11,13,57.26,85.12,3.56,3.92
Nutrient solution,HSR,0.5,NSA,4,CP,1,4.49,8,49,4,65,123.4,0.52,2.55,2.71,0.23,0.63,3.63,2.38,1.25,16,12,57.23,78.15,7.54,1.97
Nutrient solution,HSR,0.5,NSA,4,CP,2,4.53,9,51.5,3,68,123.9,0.55,2.54,2.72,0.3,0.74,3.19,1.68,1.51,12,13,59.02,86.38,6.43,2.8
Nutrient solution,HSR,0.5,NSA,4,CP,3,4.39,9,60.5,4,65,115.1,0.51,2.57,2.7,0.23,0.63,2.99,1.8,1.19,16,13,52.9,84.41,4.35,3.09
Nutrient solution,HSR,0.5,NSA,4,CP,4,4.7,9,55,4,65,118.4,0.52,2.53,2.74,0.24,0.64,3.22,1.56,1.66,10,10,57.04,79.92,6,3.06
Nutrient solution,HSR,0.5,NSA,4,CP,5,4.26,8,56.5,4,62,133.7,0.52,2.55,2.71,0.23,0.63,3.29,1.85,1.44,11,10,62.33,77.81,7.43,0.9
Nutrient solution,HSR,0.5,NSA,4,CP,6,4.07,8,52.5,6,65,106.7,0.52,2.53,2.74,0.24,0.64,3.09,1.55,1.54,13,12,55.33,80.43,5.42,2.31
Nutrient solution,HSR,0,NSA,1,BP,1,3.83,6,53.5,4,56,107.5,1.15,1.71,2.77,0.36,0.89,2.34,1.36,0.98,15,10,44.49,90.52,-1.5,4.92
Nutrient solution,HSR,0,NSA,1,BP,2,3.63,7,46,4,56,118.2,1.16,1.72,2.78,0.42,1,5.57,2.17,3.4,13,11,46.02,87.73,2.06,0.01
Nutrient solution,HSR,0,NSA,1,BP,3,4.97,6,50.5,3,59,101.4,1.17,1.73,2.78,0.36,0.89,2.62,1.37,1.25,15,10,50.21,83.31,0.9,0.7
Nutrient solution,HSR,0,NSA,1,BP,4,3.24,6,49,4,65,119,1.16,1.72,2.78,0.43,1.01,2.14,1.05,1.09,15,10,48.02,78.71,3.94,-1.81
Nutrient solution,HSR,0,NSA,1,BP,5,4.07,6,52.5,4,65,111.7,1.15,1.71,2.77,0.36,1.04,2.31,1.19,1.12,15,10,49.39,83.81,-0.43,2.16
Nutrient solution,HSR,0,NSA,1,BP,6,4.2,6,51.5,4,68,145.5,1.17,1.7,2.74,0.36,0.89,2.32,1.51,0.81,15,10,47.16,86.76,0.15,2.26
Nutrient solution,HSR,0.1,NSA,2,BP,1,5.49,6,54.5,4,61,142.6,1.12,0.71,2.47,0.37,0.82,2.49,1.12,1.37,14,7,46.66,84.01,2.05,-0.22
Nutrient solution,HSR,0.1,NSA,2,BP,2,4.11,6,42.5,4,62,114.6,1.13,0.72,2.46,0.44,0.9,1.24,0.77,0.47,13,10,41.44,88.51,0.06,3.19
Nutrient solution,HSR,0.1,NSA,2,BP,3,3.9,6,44.5,4,65,124.3,1.14,0.73,2.45,0.36,0.82,2.92,1.59,1.33,16,10,49.53,88.2,2.25,-0.28
Nutrient solution,HSR,0.1,NSA,2,BP,4,4.68,7,54,4,65,165.9,1.35,0.72,2.75,0.38,0.92,2.6,0.99,1.61,16,10,47.34,83.33,3.29,-0.38
Nutrient solution,HSR,0.1,NSA,2,BP,5,3.96,6,48.5,4,68,144.4,1.1,0.73,2.45,0.44,0.9,2.81,1.82,0.99,16,10,44.6,85.94,1.19,1.59
Nutrient solution,HSR,0.1,NSA,2,BP,6,4.45,6,56.5,5,62,154.7,1.15,73,2.44,0.36,0.82,2.65,1.69,0.96,16,10,50.4,76.09,10.27,-8.34
Nutrient solution,HSR,0.3,NSA,3,BP,1,3.45,6,53,3,56,134.9,0.91,1.88,2.47,0.35,0.77,2.31,1.03,1.28,14,10,49.8,87.82,0.83,1.98
Nutrient solution,HSR,0.3,NSA,3,BP,2,4.51,7,57,6,68,132,0.93,1.89,2.48,0.42,0.88,2.93,1.24,1.69,16,10,48.8,86.61,0.59,1.85
Nutrient solution,HSR,0.3,NSA,3,BP,3,3.9,5,43.5,4,68,109,0.93,1.87,2.44,0.35,0.77,2.65,1.48,1.17,16,10,45.93,82.24,0.26,2.35
Nutrient solution,HSR,0.3,NSA,3,BP,4,4.45,4,54.5,5,68,142,1.05,0.66,2.61,0.32,0.85,2.79,1.18,1.61,16,10,54.02,86.11,0.79,1.54
Nutrient solution,HSR,0.3,NSA,3,BP,5,4.69,6,49.5,3,65,124.1,0.91,1.87,2.45,0.42,0.88,2.45,1,1.45,14,10,51.02,60.71,6.41,-4.2
Nutrient solution,HSR,0.3,NSA,3,BP,6,4.16,7,46.5,6,68,121.5,0.92,1.89,2.48,0.42,0.87,2.57,1.16,1.41,16,10,47.82,75.09,7.13,-6.02
Nutrient solution,HSR,0.5,NSA,4,BP,1,5.59,7,60.5,6,68,126,1.33,0.75,2.1,0.32,0.78,2.55,1.12,1.43,16,10,52.65,74.11,-0.19,2.84
Nutrient solution,HSR,0.5,NSA,4,BP,2,4.56,5,54.5,5,77,154.7,1.35,0.76,2.12,0.39,0.88,2.61,1.31,1.3,16,10,46.09,89.2,-0.47,3.16
Nutrient solution,HSR,0.5,NSA,4,BP,3,4.28,5,48,4,75,123.9,1.34,0.77,2.12,0.33,0.78,2.59,1.42,1.17,16,10,50.28,84.13,-0.29,3.13
Nutrient solution,HSR,0.5,NSA,4,BP,4,3.97,6,48,4,77,121.2,1.26,0.63,2.43,0.34,0.84,2.29,0.82,1.47,16,10,44.26,84.97,0.53,1.99
Nutrient solution,HSR,0.5,NSA,4,BP,5,3.87,6,43.5,3,80,127.1,1.33,0.75,2.1,0.39,0.88,2.85,1.51,1.34,16,10,48.2,79.17,1.3,1.69
Nutrient solution,HSR,0.5,NSA,4,BP,6,4.54,5,49.5,6,82,134,1.35,0.76,2.13,0.39,0.88,2.53,1.37,1.16,16,11,47.37,89.35,-0.45,3.76
Nutrient solution,HSR,0,NSA,1,KW,1,4.14,6,43.5,5,66,121.1,1.51,0.77,2.36,0.21,0.51,3.04,1.45,1.59,15,10,45.12,92.71,-0.99,3.32
Nutrient solution,HSR,0,NSA,1,KW,2,3.72,8,54,3,65,94.4,1.53,0.79,2.35,0.27,0.61,3.2,1.68,1.52,6,17,53.88,88.54,-0.63,2.86
Nutrient solution,HSR,0,NSA,1,KW,3,4.45,7,43,4,66,126.2,1.49,0.77,2.35,0.21,0.51,2.84,1.68,1.16,6,15,49.14,82.91,-0.63,1.61
Nutrient solution,HSR,0,NSA,1,KW,4,5.05,7,55,3,65,111.8,1.47,0.78,2.35,0.21,0.51,2.04,1.4,0.64,6,15,48.36,88.38,-0.49,1.67
Nutrient solution,HSR,0,NSA,1,KW,5,4.67,7,51,3,65,127.1,1.54,0.74,2.33,0.27,0.56,3.9,3.05,0.85,15,10,49.43,90.76,-0.54,2.66
Nutrient solution,HSR,0,NSA,1,KW,6,5.1,7,49.5,4,65,103.7,1.47,0.78,2.35,0.21,0.51,4.11,2.58,1.53,15,14,50.74,86.15,-0.68,1.73
Nutrient solution,HSR,0.1,NSA,2,KW,1,4.45,6,49.5,4,65,138.3,1.23,1.26,1.85,0.22,0.38,3.96,2.34,1.62,16,14,48.19,87.49,-1.44,3.98
Nutrient solution,HSR,0.1,NSA,2,KW,2,4.52,7,50.5,3,68,154,1.26,1.25,1.86,0.26,0.44,4.01,2.25,1.76,16,15,49.22,91.26,-0.6,2.63
Nutrient solution,HSR,0.1,NSA,2,KW,3,3.97,7,46.5,3,68,144.5,1.24,1.25,1.85,0.22,0.38,3.13,1.61,1.52,7,15,50.95,80.77,-0.83,3.43
Nutrient solution,HSR,0.1,NSA,2,KW,4,3.93,7,46,3,65,149.5,1.24,1.25,1.85,0.22,0.38,5.16,4.77,0.39,22,21,45.27,87.19,-1.67,6.1
Nutrient solution,HSR,0.1,NSA,2,KW,5,4.23,8,51,5,64,122.2,1.23,1.27,1.84,0.22,0.38,3.83,1.85,1.98,19,14,42.78,90.33,-0.57,2.33
Nutrient solution,HSR,0.1,NSA,2,KW,6,4.88,7,47.5,4,65,131.3,1.24,1.25,1.85,0.22,0.38,3.25,2.59,0.66,19,13,43.48,93.81,-1.16,4.38
Nutrient solution,HSR,0.3,NSA,3,KW,1,5.36,8,49.5,3,65,89.5,1.55,0.54,1.98,0.18,0.39,4.35,3.93,0.42,16,10,44.76,80.57,-0.66,3.28
Nutrient solution,HSR,0.3,NSA,3,KW,2,4.15,8,45.5,4,64,153.6,1.56,0.57,1.96,0.22,0.47,3.53,2.17,1.36,16,10,46.45,91.43,-0.54,2.87
Nutrient solution,HSR,0.3,NSA,3,KW,3,3.52,7,52.5,3,59,126.3,1.55,0.54,1.98,0.18,0.39,3.51,1.64,1.87,16,15,46.9,92.2,-0.55,2.95
Nutrient solution,HSR,0.3,NSA,3,KW,4,4.78,7,50.5,4,59,147.1,1.55,0.54,1.98,0.18,0.39,3.34,1.79,1.55,16,10,50.99,92.73,-0.7,3.35
Nutrient solution,HSR,0.3,NSA,3,KW,5,4.26,7,45.5,4,77,139.4,1.57,0.54,1.98,0.18,0.39,3.12,1.88,1.24,12,10,49.25,90.32,-0.72,2.97
Nutrient solution,HSR,0.3,NSA,3,KW,6,4.33,8,45,4,79,125,1.55,0.54,1.98,0.18,0.39,3.81,1.78,2.03,14,11,54.34,91.23,-0.43,2.94
Nutrient solution,HSR,0.5,NSA,4,KW,1,4.72,7,48.5,4,77,142.6,1.72,0.56,2.11,0.21,0.43,2.95,2.76,0.19,16,11,41.49,74.77,-1.1,3.57
Nutrient solution,HSR,0.5,NSA,4,KW,2,5.07,6,46.5,4,65,150.4,1.75,0.54,2.15,0.25,0.5,3.28,3.23,0.05,22,10,49.78,85.02,-0.36,1.55
Nutrient solution,HSR,0.5,NSA,4,KW,3,4.03,7,51.5,3,56,126.3,1.71,0.55,2.11,0.21,0.43,3.72,2.44,1.28,16,12,50.91,84.95,-0.39,1.59
Nutrient solution,HSR,0.5,NSA,4,KW,4,5.68,7,54.5,5,59,106.3,1.71,0.55,2.11,0.21,0.43,3.76,2.58,1.18,16,10,49.12,89.37,-0.82,3.64
Nutrient solution,HSR,0.5,NSA,4,KW,5,3.48,7,46.5,3,68,106.5,1.74,0.56,2.11,0.21,0.43,3.65,2.65,1,16,10,42.17,84.39,-0.8,3.14
Nutrient solution,HSR,0.5,NSA,4,KW,6,5.25,8,56,4,62,126.3,1.71,0.55,2.11,0.21,0.43,3.11,2.95,0.16,22,10,47.07,88.7,-1.45,5.32
