Group,Concentration,Cultivation_method,Cultivar,Stem_volume,Stem_nodes,Length,Bush,Flowering_day,SPAD,Total nitrogen,PO,KO,CaO,MgO,Fresh_weight,Dry_weight,Weight_diff,Vase_life,Petals,Petal_size,L_first,a_first,b_first,L_second,a_second,b_second,L_third,a_third,b_third,L_fourth,a_fourth,b_fourth,L_fifth,a_fifth,b_fifth
SSV,0,Soil_culture,AG,3.73,8,58.5,5,56,104.5,1.18,0.32,3.08,0.13,0.44,1.97,0.35,1.62,3,9,45.12,73.34,-9.56,20.76,83.29,-9.72,20.69,78.09,-8.68,18.47,76.23,-11.05,21.8,76.8,-11.54,26.58
SSV,0,Soil_culture,AG,3.86,8,58,4,59,114,1.19,0.36,3.09,0.13,0.44,2.58,0.51,2.07,8,10,39.12,77.47,-9.7,18.43,84.34,-10.08,20.35,81.46,-7.29,16.32,75.14,-11.92,22.52,79.24,-11.59,23.07
SSV,0,Soil_culture,AG,3.65,8,47,4,59,99.9,1.16,0.33,3.09,0.13,0.43,2.21,0.37,1.84,11,13,48.54,83.01,-10.36,20.1,78.28,-14.1,27.47,81.5,-11.77,22.64,65.89,-14.12,25.6,80.43,-8.59,16.29
SSV,0,Soil_culture,AG,4.33,7,49,3,59,108.4,1.18,0.36,3.08,0.13,0.44,2.34,0.66,1.68,9,12,43.01,84.72,-12.5,25.59,82.84,-11.02,21.29,82,-10.54,20.36,77.9,-13.01,23.62,84.83,-5.72,13.97
SSV,0,Soil_culture,AG,4.03,7,61.5,4,57,99.2,1.19,0.31,3.06,0.13,0.43,2.63,0.23,2.4,10,11,42.23,83.17,-12.57,28.39,82.45,-9.28,18.39,79.95,-11.09,23.25,79.06,-13.91,26.39,73.46,-11.27,21.75
SSV,0,Soil_culture,AG,3.67,8,50.5,4,68,91.4,1.18,0.32,3.09,0.13,0.44,2.54,0.59,1.95,11,14,45.98,63.83,-4.07,23.83,78.92,-13.74,27.31,80.03,-11.36,23.02,74.53,-10.54,18.68,75.46,-13.61,25.93
SSV,0.1,Soil_culture,AG,4.05,9,59,5,64,104.4,1.06,0.32,3.45,0.13,0.41,2.15,0.54,1.61,8,10,47.92,81.67,-16.33,31.78,80.73,-15.26,28.84,80.29,-13.25,25,81.17,-14.73,26.16,79.35,-11.15,20.95
SSV,0.1,Soil_culture,AG,3.91,9,54.5,5,59,101.6,1.08,0.35,3.48,0.14,0.42,1.78,0.57,1.21,3,9,41.03,81.61,-8.92,22.51,81.79,-13.26,24.49,79.9,-12.14,21.9,68.64,-9.71,16.45,56.89,-14.37,27.58
SSV,0.1,Soil_culture,AG,4.3,8,53,4,59,96.3,1.04,0.33,3.46,0.14,0.41,1.44,0.7,0.74,3,11,43.15,77.01,-10.08,20.8,61.55,-17.74,33.94,81.93,-13.02,23.12,67.52,-14.69,26.05,80.74,-12.55,24.44
SSV,0.1,Soil_culture,AG,4.15,9,56.5,5,59,105.4,1.07,0.35,3.48,0.14,0.42,2.78,0.57,2.21,3,10,44.55,77.37,-11.3,25.27,81.63,-13.23,23.96,74.35,-10.51,19.97,81.57,-12.81,22.7,79.26,-16.1,30.56
SSV,0.1,Soil_culture,AG,3.61,8,53.5,4,68,106.2,1.08,0.35,3.44,0.13,0.42,1.49,0.42,1.07,8,10,45.09,74.37,-11.84,23.34,78.75,-14.79,26.47,73.68,-14.67,27.48,80.02,-17.11,30.16,81.41,-11.89,24.06
SSV,0.1,Soil_culture,AG,3.8,9,57,4,60,93.6,1.06,0.33,3.45,0.13,0.41,2.09,0.38,1.71,5,11,50.78,60.97,-10.84,22.9,69.53,-13.13,25.72,81.57,-11.93,23.94,76.22,-10.91,20.58,74.55,-9.51,20.09
SSV,0.3,Soil_culture,AG,4.1,9,54,7,56,104.3,0.66,1.21,3.33,0.14,0.45,2.2,0.62,1.58,5,10,43.1,82.02,-9.2,20.81,75.87,-13.61,26.77,76.67,-11.73,22.43,76.34,-15.09,27.11,75.69,-14.63,27.51
SSV,0.3,Soil_culture,AG,4.35,9,58,3,56,86.5,0.68,1.25,3.36,0.14,0.45,1.41,0.33,1.08,8,10,49.01,71.7,-4.63,30.37,77.81,-16.04,31.71,53.72,-13.73,26.7,75.42,-15.07,28.96,62.59,-9.33,21.76
SSV,0.3,Soil_culture,AG,3.73,8,48,6,59,108.3,0.67,1.22,3.34,0.14,0.45,1.96,0.6,1.36,10,12,40.98,85.08,-12.12,24.74,76.12,-16.57,31.16,78.78,-8.83,15.34,83.76,-13.09,22.64,75.85,-11.82,22.42
SSV,0.3,Soil_culture,AG,3.85,8,52,4,59,89.3,0.68,1.25,3.35,0.14,0.45,2.09,0.36,1.73,3,9,40.66,83.86,-9.23,20.46,77.13,-17.53,33.21,82,-12.18,22.79,77.15,-14.1,25.45,77.36,-11.3,22.14
SSV,0.3,Soil_culture,AG,3.77,8,51.5,4,59,100.5,0.66,1.21,3.33,0.14,0.45,1.96,0.51,1.45,12,15,42.65,83.65,-10.12,22.06,78.77,-16.14,30.31,74.46,-13.81,25.79,72.95,-15.85,28.52,74.43,-14.4,26.97
SSV,0.3,Soil_culture,AG,4.07,8,60.5,5,59,107.7,0.65,1.21,3.33,0.14,0.45,1.86,0.47,1.39,3,10,42.79,83.13,-11.67,22.99,75.7,-17.45,32.67,79.01,-14.53,26.73,79.3,-17.18,30.57,76.08,-14.64,27.48
SSV,0.5,Soil_culture,AG,4.15,8,50,6,56,108.2,0.88,0.34,2.8,0.17,0.41,1.33,0.77,0.56,7,10,48.65,77.77,-8.66,20.07,84.05,-11.74,23.21,83.67,-9.38,18.78,72.37,-7.97,14.55,82.57,-9.52,25.86
SSV,0.5,Soil_culture,AG,4.33,8,45,4,59,108.6,0.89,0.36,2.88,0.17,0.41,1.73,0.4,1.33,10,12,40.14,81.6,-12.8,25.36,77.05,-17.33,32.61,82.21,-9.71,18.17,84.15,-10.81,20.52,73.79,-14.29,27.57
SSV,0.5,Soil_culture,AG,3.91,8,60,4,59,82.3,0.89,0.33,2.83,0.16,0.4,1.84,0.46,1.38,3,9,47.62,83.37,-10.66,20.92,77.12,-15.57,29.55,69.46,-15.94,29.54,72.76,-15.15,29.12,76.23,-15.78,23.29
SSV,0.5,Soil_culture,AG,2.93,8,53,3,59,51.4,0.89,0.36,2.88,0.16,0.42,2.11,0.46,1.65,8,10,47.88,83.88,-10.34,22.24,82.9,-14.49,27.41,77.38,-13.44,24.08,82.45,-10.95,18.79,81.95,-13.89,25.61
SSV,0.5,Soil_culture,AG,3.56,8,46,3,71,84.2,0.86,0.34,2.78,0.17,0.42,1.83,0.57,1.26,10,10,43.68,79.17,-15.1,29.97,75.03,-14.88,28.42,84.07,-11.99,21.16,76.73,-12.64,22.68,72.24,-11.92,22.09
SSV,0.5,Soil_culture,AG,4.54,9,57.5,4,68,100.3,0.87,0.33,2.83,0.17,0.41,1.66,0.42,1.24,10,13,49.66,81.18,-13.53,27.59,80.34,-12.91,25.09,80.56,-11.53,21.74,80.3,-14.53,25.69,78.95,-11.28,22.39
SSV,0,Soil_culture,CP,4.43,8,50.5,4,56,99.5,1.63,0.28,2.89,0.22,0.47,3.16,0.54,2.62,5,10,50.01,77.87,13.87,1.62,77.83,15.73,3.18,69.41,7.01,3.52,72.66,6.34,3.7,70.27,9.02,8.69
SSV,0,Soil_culture,CP,4.96,8,47,4,59,89.6,1.68,0.25,2.87,0.27,0.56,3.09,0.84,2.25,3,9,52.66,73.69,20.56,2.06,74.34,16.75,1.44,75.14,15.82,1.96,73.84,13.78,0.55,70.81,11.14,3.73
SSV,0,Soil_culture,CP,4.28,8,54.5,5,59,82.8,1.62,0.27,2.89,0.22,0.47,3.01,0.61,2.4,7,11,53.09,72.16,15.99,2.15,76.83,16.47,1.41,78.97,12.64,2.23,76.94,6.42,3.07,71.55,8.49,2.87
SSV,0,Soil_culture,CP,4.57,7,49.5,5,59,82.6,1.62,0.27,2.89,0.22,0.47,3.39,0.43,2.96,7,11,54.12,82.95,11.21,3.16,78.27,15.31,3.79,74.77,3.16,1.73,64.79,5.39,2.36,74.48,9.91,6.42
SSV,0,Soil_culture,CP,4.75,7,60.5,3,61,93.1,1.62,0.27,2.88,0.22,0.47,4.41,0.5,3.91,10,12,45.99,79.31,10.93,2.28,78.32,16.68,2.64,80.12,9.77,2.43,79.37,7.48,1.63,77.67,7.41,1.72
SSV,0,Soil_culture,CP,3.74,8,65.5,3,59,72.6,1.61,0.27,2.89,0.22,0.47,2.44,0.72,1.72,8,12,50.36,79,13.42,2.48,74.69,18.63,2.47,71.76,11.64,1.03,82.7,9.29,2.54,78.14,9.49,3.31
SSV,0.1,Soil_culture,CP,4.17,8,62.8,4,61,79.4,1.11,0.26,2.46,0.22,0.4,3.34,0.47,2.87,12,16,48.01,77.32,13.78,2.15,81.65,11.93,2.65,73.45,13.69,1.95,79.82,9.58,1.29,79.88,9.25,2.61
SSV,0.1,Soil_culture,CP,4.05,7,55.5,3,59,57,1.13,0.27,2.47,0.27,0.48,3.49,0.57,2.92,8,11,52.46,69.72,7.94,3.78,82.48,9.19,4.31,79.7,12.7,3.12,68.42,6.32,5.75,78.01,3.88,5.37
SSV,0.1,Soil_culture,CP,3.82,7,58,4,64,62.7,1.13,0.27,2.46,0.22,0.4,3.41,0.67,2.74,8,12,52.33,64.91,8.16,0.52,78.13,7.86,1.65,79.12,8.57,1.17,80.86,8.09,1.16,82.13,4.77,4.1
SSV,0.1,Soil_culture,CP,3.95,6,60,4,65,86.6,1.14,0.26,2.46,0.22,0.4,2.56,0.43,2.13,10,14,48.66,75.4,10.48,1.16,80.8,11.64,1.31,77.87,10.35,2.26,71.01,6.72,1.59,80.74,3.93,5.73
SSV,0.1,Soil_culture,CP,4.43,8,57.5,4,59,103.9,1.11,0.26,2.46,0.22,0.4,3.08,0.83,2.25,8,13,50,76.83,13.39,2.71,78.65,12.36,1.63,71.84,12.43,1.97,77.26,8.92,2.46,69.48,5.29,5.45
SSV,0.1,Soil_culture,CP,4.64,8,54,5,65,99.9,1.14,0.26,2.46,0.22,0.4,2.61,0.65,1.96,7,10,56.24,70.89,15.47,2.08,73.39,11.18,2.21,76.52,9.58,2.02,79.55,7.87,3.01,72.79,10.08,3.24
SSV,0.3,Soil_culture,CP,4.65,8,60,4,56,99.9,1.08,0.3,2.57,0.21,0.46,2.64,0.74,1.9,3,10,50.99,75.6,11.73,4.43,75.83,12.67,3.03,76.02,14.33,2.36,75.54,9.23,1.95,79.18,11.43,4.42
SSV,0.3,Soil_culture,CP,5.24,7,61.5,5,56,104.6,1.05,0.32,2.52,0.27,0.53,2.42,0.72,1.7,7,13,50.88,79.14,13.23,3.82,84.1,6.95,2.76,77.28,8,1.93,82.62,3.63,4.19,79.58,9.61,4.19
SSV,0.3,Soil_culture,CP,5.61,9,65.5,4,59,103.6,1.09,0.29,2.57,0.21,0.46,2.69,0.54,2.15,5,11,46.65,81.88,10.2,3.12,75.23,6.8,2.07,78.37,9.52,3.65,79.26,11.64,7.33,77.84,8.96,9.92
SSV,0.3,Soil_culture,CP,4.76,8,58,5,59,101.1,1.05,0.29,2.55,0.21,0.46,3.17,0.8,2.37,7,12,47.77,80.05,12.7,3.06,77.23,10.28,1.95,73.21,7.75,2.36,79.54,7.13,3.05,78.68,12.35,5.54
SSV,0.3,Soil_culture,CP,4.71,8,60.5,4,62,105.2,1.08,0.29,2.57,0.21,0.46,2.46,0.92,1.54,7,13,53.12,76.58,12.02,3.65,79.98,13.1,3.34,75.63,11.9,3.23,73.19,8.11,1.5,74.64,9.77,3.27
SSV,0.3,Soil_culture,CP,4.96,8,55,5,59,104,1.05,0.29,2.55,0.21,0.46,2.6,0.7,1.9,8,12,54.04,80.5,8.76,3.99,70.91,8.8,3.61,81.49,4.73,6.47,82.66,2.14,4.89,77.34,7.29,6.39
SSV,0.5,Soil_culture,CP,3.25,8,52.5,3,61,79.9,0.79,1.41,2.24,0.25,0.46,2.3,0.68,1.62,8,12,44.78,72.8,11.19,2.8,75.19,8.45,2.91,78.85,4.87,4.29,79.57,3.79,3.02,79.41,6.53,5.18
SSV,0.5,Soil_culture,CP,3.52,8,60,3,64,76.4,0.77,1.45,2.28,0.3,0.54,2.09,0.79,1.3,5,13,44.99,72.26,13.28,2.22,77.61,10.06,1.78,77.65,7.87,3.53,75.43,15.29,3.9,69.3,3.51,9.55
SSV,0.5,Soil_culture,CP,3.49,8,57,3,59,76.7,0.77,1.41,2.21,0.25,0.46,3.24,0.61,2.63,10,14,53.11,59.22,8.83,3.71,78.37,10.6,3.16,70.42,14.38,3.09,78.76,3.33,3.18,77.94,4.97,7.19
SSV,0.5,Soil_culture,CP,4.21,8,59.5,5,59,86.5,0.79,1.41,2.24,0.25,0.46,2.74,1.05,1.69,5,12,54.09,71.2,10.44,1.83,77.68,14.45,3.32,75.86,15.79,6.07,78.52,11.28,9.84,79.78,5,8.67
SSV,0.5,Soil_culture,CP,4.07,8,59,5,65,80.4,0.79,1.41,2.24,0.25,0.46,3.09,0.83,2.26,3,10,54.77,75.7,16.02,1.68,70.61,19.22,0.86,71.88,16.25,1.6,72.73,14.64,1.6,81.45,11.87,6.6
SSV,0.5,Soil_culture,CP,4.16,8,60,3,59,86.2,0.79,1.41,2.24,0.25,0.46,3.84,0.72,3.12,7,13,55.21,77.45,13.76,3.35,74.82,11.45,2.52,79.84,8.32,1.49,83.18,6.4,3.87,69.46,19.58,6.41
SSV,0,Soil_culture,BP,4.34,6,43,5,56,98.6,1.16,0.39,2.62,0.31,0.59,2.26,0.52,1.74,8,11,43.21,84.87,4.65,-0.55,80.6,7,-4.05,68.53,5.24,-2.46,80.66,2.37,-1.53,65.89,10.94,-9.03
SSV,0,Soil_culture,BP,4.99,6,51,6,73,96,1.18,0.35,2.66,0.38,0.68,2.87,0.47,2.4,9,12,40.69,29.16,40.92,-33.97,40.29,19.85,-15.79,26.18,38.45,-31.97,30.48,32.91,-26.91,31.36,33.25,-28.08
SSV,0,Soil_culture,BP,4.73,5,56,5,62,89.1,1.18,0.37,2.64,0.31,0.58,2.01,0.56,1.45,9,15,42.77,34.04,31,-26.03,59.7,18.61,-16.58,23.15,38.39,-29.65,42.6,26.54,-22.5,55.78,18.32,-15.74
SSV,0,Soil_culture,BP,3.84,5,51.5,4,59,110.6,1.18,0.35,2.66,0.38,0.68,2.51,0.61,1.9,9,14,45.89,65.23,14.09,-12.84,60.19,16.11,-12.68,55.39,31.09,-26.6,60.57,13.68,-12.81,59.68,11.49,-10.67
SSV,0,Soil_culture,BP,4.75,6,69,4,64,102.6,1.16,0.35,2.62,0.37,0.67,2.23,0.47,1.76,7,12,42.89,51.18,19.33,-17.1,82.74,4.6,0,42.76,25.03,-22.02,54.25,15.09,-13.96,70.78,4.77,-2.67
SSV,0,Soil_culture,BP,5.3,6,54.5,5,65,116.6,1.18,0.35,2.64,0.38,0.68,2.52,0.78,1.74,7,10,40.97,72.06,10.05,-8.38,71.9,11.69,-9.46,76.41,9.41,-6.57,51.9,17.4,-16.33,76.51,3.54,-0.3
SSV,0.1,Soil_culture,BP,3.7,6,54.6,4,65,126.2,0.83,0.28,2.55,0.24,0.46,1.61,0.37,1.24,3,11,40.66,31.45,21.76,-17.98,56.38,19.61,-17.3,34.89,30.59,-26.94,78.28,4.67,-3.02,32.08,26.9,-19.83
SSV,0.1,Soil_culture,BP,3.69,6,48.5,2,65,106.7,0.86,0.26,2.57,0.29,0.52,3.18,0.51,2.67,12,16,40.98,69.99,7.43,-5.91,28.92,37.74,-30.5,84.68,0.84,0.64,88.23,-0.48,3.22,47.8,20.33,-17.92
SSV,0.1,Soil_culture,BP,2.89,6,57,3,61,120.4,0.85,0.27,2.54,0.25,0.47,1.98,0.57,1.41,8,10,42.02,63.61,14.4,-12.21,82.55,3.81,-1.06,56.14,20.53,-16.15,83.58,0.78,0.28,87.06,0.61,1.66
SSV,0.1,Soil_culture,BP,4.02,6,54.5,4,75,95.3,0.86,0.26,2.57,0.29,0.52,1.86,0.83,1.03,8,13,43.06,56.27,9.41,-8,73.48,5.09,-1.94,60.37,15.12,-11.87,83.84,0.15,2.41,62.71,11.17,-9.18
SSV,0.1,Soil_culture,BP,4.24,7,47.5,4,59,91.5,0.83,0.28,2.55,0.29,0.52,2.68,0.66,2.02,8,15,41.91,57.2,11.81,-10.2,71.2,8.21,-5.8,77.32,6.34,-2.83,81.93,0.24,2.9,76.94,5.23,-2.36
SSV,0.1,Soil_culture,BP,3.79,6,48,3,65,110.9,0.86,0.26,2.57,0.29,0.52,3,0.61,2.39,10,14,42.01,47.79,17.04,-13.72,73.87,11.61,-9.35,57.1,18.79,-15.64,74.17,5.84,-4.2,58.08,13.42,-10.22
SSV,0.3,Soil_culture,BP,4.4,6,74.5,5,62,64.8,0.95,0.33,2.2,0.32,0.49,2.13,0.58,1.55,10,15,44.68,59.99,3.17,-1.05,52.74,8.64,-5.73,61.19,12.61,-10.71,39.33,15.33,-13.25,85.69,1.77,0.75
SSV,0.3,Soil_culture,BP,3.95,6,53.5,5,65,82.6,0.98,0.35,2.22,0.39,0.55,2.38,0.44,1.94,7,12,46.59,73.72,8.44,-6.77,79.23,6.49,-4.41,38.5,29.98,-26.26,74.01,6.04,-4.37,47.68,13.76,-3.4
SSV,0.3,Soil_culture,BP,5.45,6,51,3,60,118.9,0.98,0.35,2.22,0.39,0.55,2.48,0.62,1.86,8,10,46.55,81.01,1.56,0.86,77.88,6.64,-3.87,64.24,11.77,-8.46,81.29,0.9,0.86,80.91,1.63,1.16
SSV,0.3,Soil_culture,BP,4.7,6,56.5,3,59,117.7,0.95,0.33,2.2,0.39,0.55,2.81,0.41,2.4,7,13,48.44,75.94,4.33,-4.33,74,9.92,-6.14,74.24,4.52,-1.96,66.06,11.28,-9.08,60.66,7.66,-4.76
SSV,0.3,Soil_culture,BP,4.06,6,51,4,68,135.8,0.97,0.35,2.22,0.39,0.55,2.73,0.52,2.21,8,10,42.46,68.28,7.04,-4.8,52.07,13.24,-10.85,74.11,3.31,-1.11,85.76,0.06,2.33,68.5,2.83,-0.03
SSV,0.5,Soil_culture,BP,4.2,6,53.5,5,64,124.3,0.75,0.5,2.27,0.3,0.48,3.08,0.84,2.24,12,14,40.12,49.11,15.17,-13.59,52.87,19.89,-16.96,74.9,5.37,-3.65,65.84,10.2,-10.23,68.62,3.58,-1.91
SSV,0.5,Soil_culture,BP,4.79,6,57,4,59,122.3,0.77,0.52,2.25,0.37,0.54,1.9,0.78,1.12,10,13,44.32,48.82,26.94,-24.73,52.87,19.89,-16.96,30.77,33.52,-27.82,71.26,11.38,-10.14,61.78,16.39,-11.94
SSV,0.5,Soil_culture,BP,4.42,6,59,4,56,136.2,0.77,0.49,2.28,0.31,0.49,2.68,0.43,2.25,7,12,50.01,37.62,29.58,-25.14,39.98,31.32,-26.7,31.62,28.52,-24.48,46.53,24.41,-20.75,32.03,28.86,-20.5
SSV,0.5,Soil_culture,BP,3.18,5,58,3,62,97.4,0.77,0.52,2.25,0.37,0.54,2.35,0.74,1.61,10,12,46.34,69.26,7.48,-6.16,54.17,20.45,-18.78,49.29,17.21,-14.38,63.83,7.43,-3.37,75.75,1.46,0.75
SSV,0.5,Soil_culture,BP,4.69,7,57.5,5,68,99.8,0.75,0.5,2.27,0.37,0.54,1.56,0.85,0.71,7,10,41.61,59.99,12.07,-9.52,48.49,22.4,-17.55,78.28,1.75,2.53,57.04,13.99,-4.88,76.77,3.72,4.3
SSV,0.5,Soil_culture,BP,4.81,6,57.5,4,65,94.1,0.77,0.52,2.25,0.37,0.54,1.39,0.74,0.65,7,11,42.69,52.26,20.38,-17.51,81.48,5.8,-2.8,75.51,5.7,-2.45,43.64,27.2,-25.37,80.58,3.03,5.58
SSV,0,Soil_culture,KW,4.08,8,66.5,3,64,99.8,1.34,0.35,2.36,0.24,0.47,3.71,0.61,3.1,7,11,42.98,87.02,-1.86,5.9,87.54,-0.84,4.88,89.34,-2.34,6.95,88.12,-0.49,3.07,86.65,-2.26,9.9
SSV,0,Soil_culture,KW,4.92,7,63.5,3,65,74.5,1.36,0.38,2.32,0.31,0.57,3.9,0.68,3.22,7,13,44.62,92.18,-0.8,3.76,90.33,-0.4,4.68,83.76,-0.84,4.07,89.63,-0.29,3.52,85.89,-0.24,11.12
SSV,0,Soil_culture,KW,3.863,7,56.7,3,65,90.8,1.33,0.37,2.35,0.24,0.47,3.36,0.63,2.73,7,11,42.36,89.16,-0.52,2.49,84.8,-0.29,3.5,86.18,-0.34,4.23,81.87,-0.36,2.12,91.1,-0.34,4.97
SSV,0,Soil_culture,KW,4.03,7,54.5,2,65,117.7,1.31,0.37,2.38,0.24,0.47,3.64,0.47,3.17,7,14,44.06,86.28,-1.81,6.34,88.8,-0.03,2.76,87.17,-0.94,4.22,84.51,-1.21,4.03,91.09,-1.14,9.18
SSV,0,Soil_culture,KW,4.63,7,63.5,4,63,134,1.33,0.37,2.34,0.24,0.47,4.54,0.43,4.11,7,11,40.88,91.25,-0.63,4.11,88.6,-0.36,4.47,84.62,-0.1,3.06,79.48,-0.28,1.95,85.22,0.21,6.63
SSV,0,Soil_culture,KW,4.89,7,61,4,60,125.1,1.31,0.37,2.38,0.24,0.47,2.94,0.85,2.09,10,15,41.22,91.58,-0.66,3.18,90.23,-0.16,3.98,87.67,-0.73,3.86,93.04,-0.18,3.72,90.35,0.32,2.47
SSV,0.1,Soil_culture,KW,5.14,7,66.5,5,65,135,0.96,0.31,2.09,0.24,0.33,2.76,0.85,1.91,10,10,44.63,91.25,-1.24,3.62,91.35,0.04,3.82,86.29,-0.25,2.78,90.74,-0.36,2.52,85.7,-0.57,4.93
SSV,0.1,Soil_culture,KW,4.75,7,64.5,3,68,130.9,0.95,0.38,2.02,0.3,0.39,4.29,0.56,3.73,12,14,44.61,84.7,-1.12,3.5,92.65,0.25,2.7,90.49,-0.56,3.52,88.78,-0.4,2.8,91.15,0.11,3.25
SSV,0.1,Soil_culture,KW,5.06,7,66,4,59,126.4,0.97,0.3,2.1,0.24,0.33,4.14,0.57,3.57,8,11,47.78,87.01,-1.73,4.38,91.85,-0.14,4.16,86.84,-0.41,2.03,79.35,0,2.6,88.31,-0.64,4.53
SSV,0.1,Soil_culture,KW,4.37,7,71,3,60,108.8,0.96,0.31,2.09,0.24,0.33,3.47,0.77,2.7,7,15,47.77,90.09,-1.65,4.22,88.81,0.47,2.27,89.76,-1.43,5.35,90.58,-1.1,5.57,91.24,0.03,5.66
SSV,0.1,Soil_culture,KW,3.15,7,63,3,61,73.5,0.96,0.31,2.09,0.24,0.33,3.62,0.52,3.1,8,10,45.01,91.67,-1.19,3.6,87.31,-0.2,3.33,89.79,-0.5,3.77,86.16,-0.32,3.2,92.39,-0.54,6.22
SSV,0.1,Soil_culture,KW,4.32,7,46.5,3,76,106.2,0.96,0.31,2.09,0.24,0.33,3.24,0.8,2.44,10,14,50.66,88.14,-0.97,1.89,89.32,0.11,2.55,87.89,-0.54,3.03,87.38,-0.52,3.09,86.57,-0.05,5.12
SSV,0.3,Soil_culture,KW,3.13,6,45.5,3,68,108.1,0.93,0.35,1.92,0.24,0.35,3.41,0.81,2.6,8,10,49.11,92.51,-1.85,4.75,89.69,-0.29,4.12,88.61,-1.18,4.96,84.14,-0.1,2.27,87.35,-1.54,10.11
SSV,0.3,Soil_culture,KW,3.94,7,66,3,59,123.3,0.95,0.36,1.94,0.29,0.42,3.75,0.61,3.14,12,15,41.36,87.59,-3.12,8.76,89.2,-0.42,4.1,87.93,-2.56,7.96,88.69,-1.8,6.01,87.14,-1.51,6.84
SSV,0.3,Soil_culture,KW,3.78,6,68.5,3,61,134.8,0.96,0.37,1.94,0.24,0.35,3.37,0.4,2.97,8,11,40.21,91.74,-1.28,4.47,92.3,-0.06,4.05,87.5,-0.82,3.79,78.26,-0.27,1.35,86.76,-0.04,3.6
SSV,0.3,Soil_culture,KW,4.48,7,62.5,3,65,98.1,0.93,0.35,1.92,0.24,0.35,3.14,0.44,2.7,7,10,40.33,92.53,-3.27,8.3,91.56,-1.52,6.78,88.73,-1.88,6.69,91.4,-1.09,4.53,82.74,-2.22,9.09
SSV,0.3,Soil_culture,KW,4.69,6,68,4,68,103.9,0.94,0.35,1.92,0.24,0.35,3.01,0.81,2.2,10,15,36.44,89.69,-3.35,8,87.02,-1.56,6.53,88.24,-2.69,7.77,85.46,-2.02,5.68,86.37,-1.62,6.71
SSV,0.3,Soil_culture,KW,3.48,6,63,3,68,97.9,0.93,0.35,1.92,0.24,0.35,3.43,1,2.43,8,11,38.49,88.41,-1.44,5.14,91.75,0.01,2.9,86.08,-0.45,3.25,92.49,-0.7,3.23,86.48,-0.88,5.09
SSV,0.5,Soil_culture,KW,4.49,7,62,3,65,110.8,0.67,2.07,2.8,0.24,0.62,3.51,0.56,2.95,7,11,47.01,82.64,-1.97,6.17,87.98,0.12,2.52,87.45,-0.74,4.36,86.23,-1.65,5.91,88.87,-0.99,7.39
SSV,0.5,Soil_culture,KW,4.09,6,71,3,65,116.5,0.68,2.05,2.83,0.3,0.75,3.68,0.96,2.72,8,12,35.99,93.83,-0.46,6.09,91.06,0.11,2.97,81.27,-0.31,2.82,85.79,-0.76,3.89,84.67,-0.61,6.3
SSV,0.5,Soil_culture,KW,5,6,45,4,59,111.5,0.66,2.06,2.79,0.24,0.62,3.77,0.71,3.06,8,10,40.39,78.73,-0.45,2.47,86.29,0.36,2.1,86.83,-1.17,5.76,90.53,-0.35,3.25,87.02,0.06,3.5
SSV,0.5,Soil_culture,KW,4.47,7,61,3,65,96.8,0.66,2.06,2.79,0.24,0.62,3.23,0.77,2.46,7,10,41.62,83.31,-1.43,4.51,87.72,-0.23,3.66,84.3,-0.48,2.27,88.83,-0.26,2.39,85.36,-0.3,8.53
SSV,0.5,Soil_culture,KW,3.91,6,45,4,64,109.4,0.66,2.06,2.77,0.24,0.62,4.11,0.68,3.43,10,15,44.55,88.18,-1.57,5.29,91.9,-0.04,3.99,88.49,-0.68,4.12,91.84,-0.73,5.06,83.45,-0.12,3.31
SSV,0.5,Soil_culture,KW,4.65,7,62,3,65,83.2,0.66,2.06,2.79,0.24,0.62,3.88,0.74,3.14,7,10,40.45,83.24,-0.63,3.28,92.9,-0.12,4.07,91.79,-1.37,5.38,86.93,-0.78,4.08,86.29,0.1,4.01
SSR,0,Soil_culture,AG,3.73,9,58.5,5,56,104.5,1.18,0.32,3.08,0.13,0.44,1.97,0.35,1.62,3,9,47.12,73.34,-9.56,20.76,83.29,-9.72,20.69,78.09,-8.68,18.47,76.23,-11.05,21.8,76.8,-11.54,26.58
SSR,0,Soil_culture,AG,3.86,8,58,4,59,114,1.19,0.36,3.09,0.13,0.44,2.58,0.51,2.07,7,10,40.62,77.47,-9.7,18.43,84.34,-10.08,20.35,81.46,-7.29,16.32,75.14,-11.92,22.52,79.24,-11.59,23.07
SSR,0,Soil_culture,AG,3.65,8,47,4,59,99.9,1.16,0.33,3.09,0.13,0.43,2.21,0.37,1.84,10,13,50.35,83.01,-10.36,20.1,78.28,-14.1,27.47,81.5,-11.77,22.64,65.89,-14.12,25.6,80.43,-8.59,16.29
SSR,0,Soil_culture,AG,4.33,7,49,3,59,108.4,1.18,0.36,3.08,0.13,0.44,2.34,0.66,1.68,9,12,43.01,84.72,-12.5,25.59,82.84,-11.02,21.29,82,-10.54,20.36,77.9,-13.01,23.62,84.83,-5.72,13.97
SSR,0,Soil_culture,AG,4.03,7,61.5,4,57,96.6,1.19,0.31,3.06,0.13,0.43,2.63,0.23,2.4,10,11,42.23,83.17,-12.57,28.39,82.45,-9.28,18.39,79.95,-382.01,23.25,79.06,-13.91,26.39,73.46,-11.27,21.75
SSR,0,Soil_culture,AG,3.67,8,50.5,4,68,91.4,1.18,0.32,3.09,0.13,0.44,2.54,0.59,1.95,10,14,49.95,63.83,-4.07,23.83,78.92,-13.74,27.31,80.03,-11.36,23.02,74.53,-10.54,18.68,75.46,-13.61,25.93
SSR,0.1,Soil_culture,AG,3.99,8,57.5,4,65,93.9,0.67,0.28,2.28,0.18,0.37,2.76,0.54,2.22,12,12,52.12,76.84,-8.64,19.45,81.44,-9.07,19.65,79.69,-7.69,14.96,81.23,-6.01,12.62,79.81,-6.14,12.83
SSR,0.1,Soil_culture,AG,3.64,7,55,5,65,91.4,0.66,0.28,2.29,0.18,0.38,2.86,0.73,2.13,8,11,53.23,81.96,-5.47,13.77,80.62,-8.2,18.38,83.71,-3.11,18.82,82.06,-5.43,11.83,83.54,-8.67,18.31
SSR,0.1,Soil_culture,AG,3.55,7,45.5,5,65,96.8,0.65,0.27,2.27,0.18,0.38,2.52,0.68,1.84,10,11,55.21,84.89,-8.15,19.14,82.5,-7.42,16.12,81.06,-9.06,17.84,79.28,-8.15,16.1,79.36,-10.46,20.2
SSR,0.1,Soil_culture,AG,3.8,8,59,5,59,91.7,0.66,0.28,2.29,0.18,0.38,2.29,0.76,1.53,8,10,55.62,80.6,-13.92,31.21,82.11,-8.09,17.46,77.19,-9.75,19.01,70.28,-16.03,30.6,78.76,-10.32,21.28
SSR,0.1,Soil_culture,AG,2.72,8,50,4,65,66.5,0.67,0.28,2.28,0.18,0.37,2.2,0.6,1.6,10,11,54.15,80.7,-6.84,16.88,78.15,-12.14,24.69,72.88,-8.35,16,78.88,-10.7,22.04,74.57,-12.41,24.92
SSR,0.1,Soil_culture,AG,4.08,7,54,3,59,85.1,0.64,0.27,2.28,0.18,0.37,1.6,0.48,1.12,8,10,55.44,83.77,-9.7,22.45,83.2,-9.27,19.27,76.69,-8.96,16.33,76.77,-14.73,28.18,75.04,-12.95,26.26
SSR,0.3,Soil_culture,AG,3.02,8,56.5,5,65,61.8,0.63,0.3,2.49,0.2,0.39,2.29,0.63,1.66,12,12,51.66,77.66,-7.82,19.54,81.17,-8.28,18,81.98,-10.69,20.88,76.85,-10.6,21.66,78.82,-12.47,25.64
SSR,0.3,Soil_culture,AG,3.24,7,50,4,65,91.1,0.65,0.32,2.47,0.2,0.39,2.11,0.43,1.68,12,12,50.77,77.36,-11,24.57,80.39,-10.85,21.06,84.25,-10.33,19.74,76.8,-11.66,22.49,78.84,-12.93,24.44
SSR,0.3,Soil_culture,AG,3.04,7,49.5,4,59,89.9,0.66,0.31,2.5,0.21,0.39,2.78,0.43,2.35,12,11,55,82.93,-6.43,15.04,84.96,-5.02,11.82,83.05,-6.97,14.73,77.9,-8.05,15.95,77.82,-10.08,19.57
SSR,0.3,Soil_culture,AG,4.57,8,47.5,6,59,105.1,0.65,0.32,2.47,0.2,0.39,2.24,0.54,1.7,8,10,53.91,82.29,-8.81,18.12,80.23,-12.1,24.04,79.77,-10.44,20.56,79.34,-8.96,18.39,78.86,-12.24,24.86
SSR,0.3,Soil_culture,AG,3.43,8,55,4,75,80.4,0.64,0.3,2.47,0.2,0.37,2.88,0.72,2.16,10,10,56.65,83.14,-8.56,19.78,81.29,-11.17,22.19,86.06,-6.94,13.6,79.98,-10.17,20.22,84.26,-10.16,20.1
SSR,0.3,Soil_culture,AG,3.21,7,55.5,5,75,98,0.66,0.31,2.5,0.21,0.39,2.24,0.82,1.42,8,10,57.01,79.03,-7.41,16.27,82.51,-10.01,21.28,74.5,-6.96,13.72,77.78,-12.07,23.24,79.05,-11.41,24.43
SSR,0.5,Soil_culture,AG,4.34,8,54.5,5,65,68.9,0.76,0.28,2.72,0.18,0.37,2.85,0.42,2.43,12,12,50.21,84.13,-9.32,23.09,81.84,-8.24,17.62,78.04,-8.01,16.17,73.8,-8.84,18.72,79.49,-11.59,24.97
SSR,0.5,Soil_culture,AG,3.02,7,43,4,59,23.5,0.78,0.26,2.75,0.18,0.37,2.6,0.79,1.81,8,10,53.3,84.65,-10.24,23.93,80.89,-8.89,18.03,85.65,-7.04,14.23,79.42,-8.38,17.54,72.77,-10.16,22.15
SSR,0.5,Soil_culture,AG,3.63,8,53.5,4,59,66.5,0.78,0.26,2.73,0.18,0.38,2.91,0.83,2.08,12,12,53.4,78.59,-10.51,23.74,77.78,-9.3,18.56,81.35,-10.52,19.94,73.73,-10.74,21.73,78.74,-10.33,21.89
SSR,0.5,Soil_culture,AG,4.44,8,52,6,76,121.1,0.76,0.25,2.74,0.18,0.37,2.4,0.76,1.64,8,10,55.87,81.76,-11.23,25.07,79.14,-16.38,31.96,72.57,-13.26,25.08,73.47,-8.61,18.03,78.74,-13.68,26.9
SSR,0.5,Soil_culture,AG,3.32,8,45,6,59,97.6,0.76,0.28,2.72,0.18,0.37,2,0.67,1.33,8,10,50.62,81.3,-11.64,25.51,76.52,-9.02,19.03,76.99,-8.96,17.66,77.78,-12.94,24.78,78.47,-14.97,29.18
SSR,0.5,Soil_culture,AG,3.94,6,55,4,65,89.4,0.74,0.29,2.74,0.18,0.37,2.71,0.46,2.25,10,10,51.19,74.02,-12.38,25.65,73.82,-13.66,26.97,78.15,-9.39,19.02,83.64,-10.72,21.36,84.39,-10.38,20.86
SSR,0,Soil_culture,CP,4.43,8,50.5,4,56,99.5,1.63,0.28,2.89,0.22,0.47,3.16,0.54,2.62,5,10,50.01,77.87,13.87,1.62,77.83,15.73,3.18,69.41,7.01,3.52,72.66,6.34,3.7,70.27,9.02,8.69
SSR,0,Soil_culture,CP,4.96,8,47,4,59,89.6,1.68,0.25,2.87,0.27,0.56,3.09,0.84,2.25,3,9,52.66,73.69,20.56,2.06,74.34,16.75,1.44,75.14,15.82,1.96,73.84,13.78,0.55,70.81,11.14,3.73
SSR,0,Soil_culture,CP,4.28,8,54.5,5,59,82.8,1.62,0.27,2.89,0.22,0.47,3.01,0.61,2.4,7,11,53.09,72.16,15.99,2.15,76.83,16.47,1.41,78.97,12.64,2.23,76.94,6.42,3.07,71.55,8.49,2.87
SSR,0,Soil_culture,CP,4.57,7,49.5,5,59,82.6,1.62,0.27,2.89,0.22,0.47,3.39,0.43,2.96,7,11,54.12,82.95,11.21,3.16,78.27,15.31,3.79,74.77,3.16,1.73,64.79,5.39,2.36,74.48,9.91,6.42
SSR,0,Soil_culture,CP,4.75,7,60.5,3,61,93.1,1.62,0.27,2.88,0.22,0.47,4.41,0.5,3.91,9,12,45.99,79.31,10.93,2.28,78.32,16.68,2.64,80.12,9.77,2.43,79.37,7.48,1.63,77.67,7.41,1.72
SSR,0,Soil_culture,CP,3.74,8,65.5,3,59,72.6,1.61,0.27,2.89,0.22,0.47,2.44,0.72,1.72,7,12,50.36,79,13.42,2.48,74.69,18.63,2.47,71.76,11.64,1.03,82.7,9.29,2.54,78.14,9.49,3.31
SSR,0.1,Soil_culture,CP,4.45,8,56,5,65,87.2,0.72,0.34,2.65,0.18,0.46,2.96,0.72,2.24,6,10,55.63,75.67,15.87,2.83,74.34,13.12,2.16,83.01,5.75,5.85,70.47,10.85,4.82,81.26,12.13,4.71
SSR,0.1,Soil_culture,CP,4.25,7,65.6,3,64,90,0.73,0.35,2.66,0.23,0.56,2.7,0.65,2.05,7,13,40.32,78.16,14.96,3.62,79.6,10.03,3.73,74.21,6.66,3.67,73.59,12.59,8.31,73.37,7.24,11.75
SSR,0.1,Soil_culture,CP,4.15,7,52,4,64,91.7,0.74,0.34,2.63,0.18,0.46,2.75,0.33,2.42,7,12,55.49,75.82,8.75,1.52,80.78,10.14,2.33,70.2,4.94,3.14,76.97,8.13,3.07,76.06,11.92,6.24
SSR,0.1,Soil_culture,CP,4.92,7,50,4,65,99.8,0.72,0.34,2.65,0.18,0.46,2.42,0.56,1.86,7,13,53.24,71.83,8.39,3.52,79.73,11.19,3.03,73.41,8.86,1.85,75.45,8.74,3.9,65.28,11.11,6.77
SSR,0.1,Soil_culture,CP,3.86,7,53.5,3,74,74.6,0.72,0.34,2.65,0.18,0.46,3.82,0.78,3.04,7,12,56.62,75.65,19.09,1.13,77.59,13.44,1.25,65.59,5.55,5.19,81.21,7.88,3.44,75.21,17.07,5.5
SSR,0.1,Soil_culture,CP,4.07,6,40,4,75,75.1,0.72,0.34,2.65,0.18,0.46,3.16,0.56,2.6,6,10,54.28,83.83,7.27,2.79,78.78,8.22,3.39,71.38,5.35,2.42,80.48,7.42,2.77,74.84,7.22,8.67
SSR,0.3,Soil_culture,CP,4.82,8,57.5,4,59,86,1.11,0.32,2.72,0.2,0.44,2.41,0.32,2.09,10,13,57.55,80.38,9.56,3.68,81.89,12.01,2.94,72.26,7.06,2.68,75.64,6.4,1.59,77.72,6.49,1.99
SSR,0.3,Soil_culture,CP,5.52,8,64.8,5,59,90.9,1.15,0.36,2.76,0.25,0.54,2.46,0.51,1.95,8,10,55.69,78.83,8.06,3.49,70.56,3.94,5.9,79.68,6.46,2.67,77.46,7.64,4.64,75.9,2.14,12.44
SSR,0.3,Soil_culture,CP,4.83,6,58.5,3,59,88.3,1.14,0.32,2.74,0.2,0.44,2.38,0.35,2.03,8,12,56.66,77.61,12.92,1.98,78.04,11.49,2.42,74.65,2350.76,1.48,78.56,10.67,1.2,72.45,14.19,5.71
SSR,0.3,Soil_culture,CP,4.37,8,54.5,4,59,83.4,1.16,0.32,2.75,0.22,0.44,2.62,0.67,1.95,8,10,59.12,75.16,15.96,2.21,71.16,20.57,2.59,61.72,8.6,4.77,74.47,8.16,0.8,63.12,12,5.4
SSR,0.3,Soil_culture,CP,5.06,7,51.5,4,65,113.9,1.15,0.32,2.74,0.2,0.44,3.54,0.96,2.58,8,12,58.77,75.91,12.64,3.62,78.35,12.22,2.92,81.93,9.55,2.83,82.38,7.63,2.24,80.62,7.61,5.47
SSR,0.3,Soil_culture,CP,4.5,7,55.5,4,62,89.3,1.16,0.33,2.75,0.22,0.44,2.2,0.31,1.89,10,13,54.26,79.95,10.33,3.36,82.4,6.8,2.72,78.89,6.46,2.25,77.46,7.64,4.64,87.01,4.93,2.89
SSR,0.5,Soil_culture,CP,4.96,7,52.5,6,76,70.2,1.3,0.33,2.81,0.17,0.47,2.89,0.96,1.93,7,10,56.88,74.99,11.29,5.58,81.66,4.43,5.35,80.1,12.33,3.1,69.86,7.95,7.37,76.73,4.93,11.54
SSR,0.5,Soil_culture,CP,5.45,7,57.5,5,59,78.1,1.32,0.34,2.85,0.22,0.58,1.6,0.38,1.22,5,10,57.91,80.35,10.89,3.49,77.09,7.68,4.46,75.58,11.98,5.03,80.95,8.82,4.91,73.05,5.22,5.87
SSR,0.5,Soil_culture,CP,4.34,7,50,5,59,87.6,1.31,0.32,2.8,0.17,0.47,3.43,0.6,2.83,8,13,51.11,79.57,13.77,4.77,74.07,7.73,0.63,76.38,13.89,2.53,80.14,30.32,4.3,79.18,5.03,6.33
SSR,0.5,Soil_culture,CP,4.15,8,50.5,6,61,76.6,1.3,0.32,2.8,0.17,0.47,2.62,0.43,2.19,8,10,56.54,78.47,7.56,5.59,75.26,10.2,2.19,77.97,8.58,3.5,81.71,10.77,2.37,65.96,7.66,3.69
SSR,0.5,Soil_culture,CP,4.99,7,60.5,4,62,76.4,1.3,0.32,2.8,0.17,0.47,2.59,0.87,1.72,7,10,59.78,71.67,18.15,3.38,78.65,13.87,3.57,75.68,17.75,2.32,75.23,8.51,3.34,73.34,13.73,8.71
SSR,0.5,Soil_culture,CP,5.03,8,63,5,65,91.1,1.33,0.32,2.8,0.17,0.47,2.94,0.51,2.43,7,10,54.44,77.63,7.04,1.78,73.75,10.2,3.77,76.43,7.39,2.91,76.89,5.32,2.82,67.28,5.98,9.39
SSR,0,Soil_culture,BP,4.34,6,43,5,56,98.6,1.16,0.39,2.62,0.31,0.59,2.26,0.52,1.74,7,11,43.21,84.87,4.65,-0.55,80.6,7,-4.05,68.53,5.24,-2.46,80.66,2.37,-1.53,65.89,10.94,-9.03
SSR,0,Soil_culture,BP,4.99,6,51,6,73,96.6,1.18,0.35,2.66,0.38,0.68,2.87,0.47,2.4,9,12,40.69,29.16,40.92,-33.97,40.29,19.85,-15.79,26.18,38.45,-31.97,30.48,32.91,-26.91,31.36,33.25,-28.08
SSR,0,Soil_culture,BP,4.73,5,56,5,62,89.1,1.18,0.37,2.64,0.31,0.58,2.01,0.56,1.45,9,15,42.77,34.04,31,-26.03,59.7,18.61,-16.58,23.15,38.39,-29.65,42.6,26.54,-22.5,55.78,18.32,-15.74
SSR,0,Soil_culture,BP,3.84,5,51.5,4,59,110.6,1.18,0.35,2.66,0.38,0.68,2.51,0.61,1.9,9,14,45.89,65.23,14.09,-12.84,60.19,16.11,-12.68,55.39,31.09,-26.6,60.57,13.68,-12.81,59.68,11.49,-10.67
SSR,0,Soil_culture,BP,4.75,6,69,4,64,102.6,1.16,0.35,2.62,0.37,0.67,2.23,0.47,1.76,7,12,42.89,51.18,19.33,-17.1,82.74,4.6,0,42.76,25.03,-22.02,54.25,15.09,-13.96,70.78,4.77,-2.67
SSR,0,Soil_culture,BP,5.3,6,54.5,5,65,116.6,1.18,0.35,2.64,0.38,0.68,2.52,0.78,1.74,7,10,40.97,72.06,10.05,-8.38,71.9,11.69,-9.46,76.41,9.41,-6.57,51.9,17.4,-16.33,76.51,3.54,-0.3
SSR,0.1,Soil_culture,BP,5.27,5,64.5,7,59,102.6,0.95,0.32,2.31,0.24,0.46,1.5,0.32,1.18,10,10,45.87,68.96,10.61,-9.8,73.05,4.2,-1.67,64.91,8.35,-7.02,66.89,11.49,-9.5,78.64,7.71,-4.2
SSR,0.1,Soil_culture,BP,5.87,5,62,7,60,130.4,0.96,0.34,2.33,0.29,0.54,1.69,0.36,1.33,7,10,40.4,66.26,15.37,-11.94,82.55,1.44,2.54,82.98,1.57,1.84,84.19,1.42,2.95,45.14,4.91,4.24
SSR,0.1,Soil_culture,BP,4.38,5,51,5,65,121.4,0.85,0.27,2.54,0.25,0.47,1.65,0.4,1.25,10,10,45.45,71.21,11.03,-7.96,27.1,39.71,-33.08,52.59,19.65,-16.05,62.57,12.39,-10.02,82.53,0.02,3.22
SSR,0.1,Soil_culture,BP,4.89,6,62.5,6,65,113.8,0.96,0.34,2.33,0.29,0.54,2.56,0.53,2.03,8,9,45.88,64.57,14.98,-13.07,42.8,19.11,-15.95,80.86,3.55,-1.27,56.43,20.51,-16.79,90.1,0.98,3.41
SSR,0.1,Soil_culture,BP,4.42,5,55,5,62,109,0.95,0.32,2.31,0.29,0.54,2.24,0.67,1.57,8,10,43.33,83.97,1.2,1.93,80.41,5.97,-2.79,78.4,1.41,0.61,85.29,1.98,-0.09,87.81,0.4,3.27
SSR,0.1,Soil_culture,BP,5.32,5,50.5,4,65,120.5,0.96,0.34,2.33,0.29,0.54,2.6,0.37,2.23,10,10,47.77,53.68,15.75,-13.56,77.66,6.3,-2.69,66.21,6.56,-3.47,74.18,7.28,-5.04,86.73,2.49,0
SSR,0.3,Soil_culture,BP,5.22,6,65.5,6,59,112.6,0.94,0.35,2.55,0.26,0.52,2.47,0.54,1.93,8,9,45.98,81.04,3.06,1.43,80.23,2.78,0.93,78.76,4.11,-1.37,86.85,1.59,1.63,55.08,13.7,-11.66
SSR,0.3,Soil_culture,BP,5.28,6,64.5,5,60,117.3,0.98,0.35,2.56,0.32,0.6,2.53,0.59,1.94,10,10,48,81.59,3.07,0.03,76.44,1.37,2.69,80.53,2.6,-0.08,71.35,5.35,-1.91,65.35,10.61,-7.51
SSR,0.3,Soil_culture,BP,5,6,54.5,5,61,105.5,0.97,0.34,2.22,0.31,0.49,2.88,0.49,2.39,10,10,45.36,39.38,27.48,-22.67,41.47,23.15,-18.74,29.62,29.67,-25.08,41.34,23.08,-18.84,59.35,12.21,-9.61
SSR,0.3,Soil_culture,BP,5.94,6,63,7,62,96.9,0.97,0.34,2.55,0.32,0.6,2.25,0.38,1.87,10,10,52.87,54.58,19.69,-15.59,81.47,1.07,1.64,77.44,2.8,0.06,86.2,0.2,2.25,89.33,-0.09,3.32
SSR,0.3,Soil_culture,BP,4.37,5,56.5,6,65,105.4,0.94,0.33,2.53,0.32,0.61,2.65,0.72,1.93,10,10,47.77,71.87,10.08,-7.55,63.9,7.99,-5.71,79.35,0.38,1.43,88.11,0.68,2.65,90.08,-0.38,4.41
SSR,0.3,Soil_culture,BP,5.37,5,59.5,7,76,104.9,0.97,0.34,2.55,0.32,0.6,1.96,0.52,1.44,10,10,45.92,84.65,2.1,1.67,66.3,12.95,-10.34,87.82,0.25,2.54,80.34,4.46,-0.94,79.52,4.84,-2.01
SSR,0.5,Soil_culture,BP,4.37,6,53.5,6,77,111.6,0.96,0.34,2.76,0.24,0.51,3.47,0.6,2.87,12,10,51.84,66.41,7.17,-5.44,61.47,16.1,-13.42,65.41,14.62,-12.07,44.46,20.82,-17.78,48.89,21.15,-18.29
SSR,0.5,Soil_culture,BP,4.45,6,49,5,59,99.6,0.98,0.36,2.74,0.29,0.6,2.41,0.76,1.65,7,10,46.74,73.09,7.98,-4.92,80.35,5.22,-1.72,77.1,3.49,-0.73,76.63,3.14,-0.77,62.29,11.22,-3.32
SSR,0.5,Soil_culture,BP,4.52,6,54.5,5,62,137.6,0.77,0.49,2.28,0.31,0.49,2.64,0.65,1.99,12,10,47.17,25.24,32.91,-25.39,64.07,11.8,-7.56,73.32,6.84,-4.13,41.23,22.92,-19.23,35.27,31.32,-27.4
SSR,0.5,Soil_culture,BP,4.7,6,51.5,6,65,119,0.98,0.36,2.74,0.29,0.61,2.11,0.32,1.79,12,11,43.12,78.96,6.5,-3.21,86.74,5.03,-1.11,85.89,2.6,-0.41,78.51,2.27,0.28,76.22,1.25,1.17
SSR,0.5,Soil_culture,BP,3.94,5,47,5,65,106.6,0.96,0.34,2.76,0.29,0.6,1.96,0.44,1.52,10,10,46.54,62.4,17.07,-13.34,86.87,1.24,2.02,66.75,12.84,-9.76,71.55,10.58,-7.47,76.32,0.54,1.93
SSR,0.5,Soil_culture,BP,3.95,5,52.5,4,75,104,0.98,0.36,2.74,0.29,0.61,2.17,0.32,1.85,10,10,46.01,49.16,20.24,-16.32,62.39,10.88,-7.24,85.27,2.51,0.55,54.06,16.35,-13.9,70.64,8.09,-6.45
SSR,0,Soil_culture,KW,4.08,8,66.5,3,64,99,1.34,0.35,2.36,0.24,0.47,3.71,0.61,3.1,7,11,42.98,87.02,-1.86,5.9,87.54,-0.84,4.88,89.34,-2.34,6.95,88.12,-0.49,3.07,86.65,-2.26,9.9
SSR,0,Soil_culture,KW,4.92,7,63.5,3,65,74.5,1.36,0.38,2.32,0.31,0.57,3.9,0.68,3.22,7,13,44.62,92.18,-0.8,3.76,90.33,-0.4,4.68,83.76,-0.84,4.07,89.63,-0.29,3.52,85.89,-0.24,11.12
SSR,0,Soil_culture,KW,3.86,7,56.7,3,65,90.8,1.33,0.37,2.35,0.24,0.47,3.36,0.63,2.73,7,11,42.36,89.16,-0.52,2.49,84.8,-0.29,3.5,86.18,-0.34,4.23,81.87,-0.36,2.12,91.1,-0.34,4.97
SSR,0,Soil_culture,KW,4.03,7,54.5,2,65,117.7,1.31,0.37,2.38,0.24,0.47,3.64,0.47,3.17,7,14,44.06,86.28,-1.81,6.34,88.8,-0.03,2.76,87.17,-0.94,4.22,84.51,-1.21,4.03,91.09,-1.14,9.18
SSR,0,Soil_culture,KW,4.63,7,63.5,4,63,134,1.33,0.37,2.34,0.24,0.47,4.54,0.43,4.11,7,11,40.88,91.25,-0.63,4.11,88.6,-0.36,4.47,84.62,-0.1,3.06,79.48,-0.28,1.95,85.22,0.21,6.63
SSR,0,Soil_culture,KW,4.89,7,61,4,60,125.1,1.31,0.37,2.38,0.24,0.47,2.94,0.85,2.09,10,15,41.22,91.58,-0.66,3.18,90.23,-0.16,3.98,87.67,-0.73,3.86,93.17,-0.19,3.78,90.35,0.32,2.47
SSR,0.1,Soil_culture,KW,4.36,7,66.5,4,61,109.4,0.83,0.41,1.91,0.2,0.35,4.4,0.65,3.75,10,14,47.12,86.2,-0.51,4.09,86.98,0.46,2.37,86.72,-1.1,4.27,87.07,-0.61,4.43,85.38,0.37,2.4
SSR,0.1,Soil_culture,KW,4.23,7,67,6,65,128.7,0.86,0.45,1.98,0.24,0.41,1.01,0.49,0.52,10,14,48.55,90.24,-2.15,7.44,91.68,-1.55,7.29,86.49,-1.92,6.47,87.97,-1.69,6.45,81.3,-1.76,7.42
SSR,0.1,Soil_culture,KW,4.26,7,58.5,5,65,119.4,0.81,0.42,1.93,0.2,0.35,1.61,0.69,0.92,8,15,51,92.56,-0.97,5.06,87.99,0.21,2.27,85.76,-0.7,3.04,89.31,-0.63,4.35,90.86,-0.6,5.87
SSR,0.1,Soil_culture,KW,4.29,7,64.5,4,60,125.5,0.83,0.41,1.91,0.2,0.35,3.09,0.64,2.45,8,14,44.21,92.19,0.09,2.57,90.25,-0.2,4.12,87.55,-0.38,2.38,89.29,0.45,1.98,86.04,0.03,5.05
SSR,0.1,Soil_culture,KW,4.13,7,65.5,5,62,130.5,0.83,0.41,1.91,0.2,0.35,3.72,0.4,3.32,12,14,40.23,87.93,-0.03,2.51,88.1,0.44,1.61,85.51,-1.82,5.86,84.77,0.51,1.38,88.96,0.37,2.3
SSR,0.1,Soil_culture,KW,4.41,6,58.5,4,64,112.5,0.83,0.41,1.91,0.2,0.35,3.58,0.61,2.97,10,13,42.47,91.3,-0.2,3.42,86.16,0.7,1.53,91.47,-0.69,3.62,89.97,-0.18,3.73,89.6,-0.65,5.66
SSR,0.3,Soil_culture,KW,4.5,7,63.5,4,65,133.8,0.74,0.42,1.89,0.24,0.4,3.81,0.53,3.28,10,11,44.31,84.56,-0.57,4.3,89.21,0.39,2.58,89.85,-0.93,3.64,76.83,-0.03,2.02,82.82,0.32,2.13
SSR,0.3,Soil_culture,KW,4.05,6,59.5,5,59,124.7,0.72,0.44,1.88,0.28,0.46,3.12,0.66,2.46,8,10,42.65,90.62,-0.16,2.54,84.71,-0.08,3.03,87.26,-0.79,3.95,79.32,-0.37,4.06,88.66,-0.73,5.1
SSR,0.3,Soil_culture,KW,4.88,7,60,5,59,130.6,0.76,0.43,1.87,0.23,0.4,5.42,0.69,4.73,12,14,45.77,86.49,-0.75,4.82,88.86,-0.08,3.66,87.27,-0.59,3.47,86.23,-0.65,4.99,89.66,-0.68,6.12
SSR,0.3,Soil_culture,KW,4.36,6,58,4,77,115.7,0.75,0.42,1.89,0.24,0.4,2.71,0.38,2.33,7,10,48.26,90.33,-0.31,3.37,89.15,-0.89,5.51,84.47,-1.06,3.99,86.91,-0.64,4.81,89.96,-1.19,10
SSR,0.3,Soil_culture,KW,5.2,6,49.5,4,62,89.4,0.74,0.44,1.89,0.24,0.41,2.91,0.63,2.28,8,10,45.54,91.27,-0.6,4.7,87.81,-0.03,4.01,86.06,-0.54,2.52,86.72,0.26,1.39,89.88,-1.54,7.2
SSR,0.3,Soil_culture,KW,4.04,6,50,5,65,115,0.75,0.42,1.89,0.24,0.4,3.73,0.42,3.31,12,14,53.33,88.1,-1.34,5.91,88.09,0.26,2.83,77.96,-0.51,2.12,86.29,0.28,1.35,91.72,0,3
SSR,0.5,Soil_culture,KW,4.44,7,68,7,76,89.1,0.29,2.75,1.81,0.22,0.35,4.2,0.45,3.75,12,10,41.12,89.53,-1.79,6.56,82.64,0.43,1.68,88.78,-0.38,2.45,81.98,0.24,2.14,89.95,-0.15,2.96
SSR,0.5,Soil_culture,KW,4.09,6,52.5,4,62,67.2,0.27,2.76,1.85,0.27,0.4,3.86,0.39,3.47,10,10,45.54,88.37,-3.04,9.97,89.61,-0.63,5.18,84.21,-2.9,8.01,80.38,0.15,2.11,81.23,-1.85,7.43
SSR,0.5,Soil_culture,KW,4.63,7,58,4,65,103.8,0.28,2.74,1.81,0.22,0.35,4.26,0.77,3.49,12,14,49.66,89.39,-0.79,4.06,89.58,-1.32,6.8,90.49,-0.37,2.86,88.83,-0.33,3.44,84.97,0,2.98
SSR,0.5,Soil_culture,KW,5.04,7,66.5,5,65,98.6,0.28,2.74,1.81,0.22,0.35,3.67,0.43,3.24,10,10,48.77,87.94,-0.47,3.52,90.2,-0.11,3.57,90.63,-0.8,3.99,85.65,0.15,2.84,90.1,-1.31,6.83
SSR,0.5,Soil_culture,KW,5.02,6,70,5,65,101.9,0.28,2.74,1.81,0.22,0.35,4.43,0.9,3.53,10,10,42.65,91.47,-2.35,7.92,86.75,-0.38,3.69,86.98,-0.6,2.84,82.21,-1.02,5.28,81.94,-0.38,3.71
SSR,0.5,Soil_culture,KW,5,6,58,4,75,137.7,0.28,2.74,1.81,0.22,0.35,3.11,0.42,2.69,8,10,45.19,88.11,-1.56,6.29,84.57,0.6,1.32,89.16,-0.31,2.45,88.15,-0.25,3.93,86.72,-1.37,6.85
HSV,0,Nutrient_culture,AG,3.03,7,64,3,56,108,1.12,1.47,3.23,0.18,0.65,2.6,1.29,1.31,5,10,48.85,72.94,-11.84,21.13,81.78,-15.33,28.88,82.36,-14.84,26.57,86.27,-10.6,24.78,83.03,-11.26,23.47
HSV,0,Nutrient_culture,AG,3.24,8,55.5,2,65,103.9,1.14,1.45,3.24,0.19,0.66,2.79,1.34,1.45,5,11,50.79,72.94,-11.84,21.13,81.68,-12.73,24.8,82.43,-14.7,27.55,78.59,-9.22,25.55,76.83,-10.03,23.94
HSV,0,Nutrient_culture,AG,3.81,8,57.8,2,59,121.2,1.11,1.47,3.25,0.18,0.64,2.45,1.04,1.41,5,10,51.35,80.35,-12.68,23.03,80.01,-14.96,29.94,82.08,-14.06,27.47,71.23,-7.12,29.13,69.47,-8.1,27.82
HSV,0,Nutrient_culture,AG,3.91,7,45,4,59,133.3,1.13,1.45,3.25,0.19,0.66,3,1.46,1.54,6,10,52.76,79.3,-13.36,24.54,79.6,-14.37,27.05,80.38,-13.66,25.41,80.01,-12.89,30.66,77.84,-13.69,28.93
HSV,0,Nutrient_culture,AG,3.6,7,43.5,2,59,118.2,1.16,1.47,3.24,0.18,0.62,2.72,1.35,1.37,5,11,49.71,63.91,-13.96,24.98,76.42,-15.39,29.47,78.02,-13.49,27.63,77.57,-12.53,30.65,77.44,-14.1,29.74
HSV,0,Nutrient_culture,AG,2.88,8,54,2,59,88.6,1.14,1.44,3.25,0.17,0.64,2.7,1.06,1.64,15,9,49.97,67.06,-9.09,16.93,80.84,-15.96,30.02,80.78,-13.79,25.87,81.37,-15.37,29.57,80.79,-16.83,28.07
HSV,0.1,Nutrient_culture,AG,3.23,8,43,2,59,100.6,1.06,0.7,3.13,0.16,0.53,2.29,1.08,1.21,5,10,46.72,77.47,-12.77,26.39,80.12,-9.18,27.72,80.93,-13.77,25.7,76.97,-7.71,26.96,76.08,-8.61,26.04
HSV,0.1,Nutrient_culture,AG,3.2,8,53.5,2,61,99.6,1.05,0.72,3.15,0.18,0.58,2.71,0.89,1.82,5,10,38.58,74.79,-12.03,24.19,81.53,-13.57,27.39,81.11,-10.92,20.87,77.72,-7.29,27.52,77.07,-8.69,26.91
HSV,0.1,Nutrient_culture,AG,3.82,9,49,3,76,56.4,1.08,0.71,3.13,0.16,0.55,2.75,1.31,1.44,10,14,41.74,71.47,-12.89,23.85,75.35,-11.77,21.94,72.86,-9.7,18.49,84.34,-7.2,19.05,83.48,-8.75,17.68
HSV,0.1,Nutrient_culture,AG,3.3,9,39,2,77,75.9,1.05,0.72,3.15,0.18,0.58,2.98,1.18,1.8,16,10,43.01,84.84,-9.55,17.54,80.37,-13.84,26.57,82.77,-8.68,16.78,81.34,-10.05,19.74,80.63,-10.93,18.07
HSV,0.1,Nutrient_culture,AG,3.68,10,42,2,75,103,1.08,0.74,3.14,0.16,0.53,2.19,0.69,1.5,7,10,43.65,68.95,-9.96,19.46,78.46,-13.76,28.4,78.31,-12.07,22.78,72.14,-7.65,31.76,72.59,-8.79,30.18
HSV,0.1,Nutrient_culture,AG,3.26,8,46.5,2,80,98.2,1.04,0.71,3.13,0.16,0.53,2.46,1.13,1.33,8,10,48.9,78.36,-10.95,20.86,79.71,-13.28,25.91,79.66,-13.41,24.99,78.81,-10.06,30.46,77.85,-11.21,29.27
HSV,0.3,Nutrient_culture,AG,4.01,9,56,3,65,105,0.63,2.6,3.38,0.17,0.58,2.67,1.11,1.56,10,10,44.16,70.81,-10.03,20.09,79.51,-10.48,19.85,78.41,-11.45,22.54,79.65,-6.08,23.36,77.81,-7.67,22.54
HSV,0.3,Nutrient_culture,AG,3.39,8,51.5,2,65,111.7,0.61,2.62,3.36,0.16,0.59,3.01,1.23,1.78,16,11,49.23,84.55,-7.39,14.4,72.86,-9.7,18.49,74.35,-10.59,19.05,82.1,-12.24,23.98,80.74,-12.87,22.8
HSV,0.3,Nutrient_culture,AG,3.76,8,48.5,2,65,114,0.61,2.61,3.37,0.17,0.57,2.79,1.03,1.76,12,11,39.61,79.56,-8.8,16.72,75.23,-10.97,20.42,76.63,-12.46,23.1,83.28,-11.28,22.91,82.15,-11.83,21.64
HSV,0.3,Nutrient_culture,AG,3.33,8,44,2,65,96.3,0.61,2.62,3.36,0.16,0.59,2.19,0.97,1.22,8,10,39.07,83.23,-7.36,14.19,74.65,-13.86,25.55,78.66,-10.84,20.01,78.93,-10.96,29.2,78.88,-11.79,25.75
HSV,0.3,Nutrient_culture,AG,4.5,12,54,4,68,104.5,0.65,2.62,3.38,0.16,0.58,2.18,1.14,1.04,6,10,44.72,74.35,-10.59,19.05,78.77,-11.07,21.87,76.34,-10.49,20.32,80.03,-10.46,28.62,77.03,-11.43,27.09
HSV,0.3,Nutrient_culture,AG,3.87,7,48,3,68,93.2,0.62,2.61,3.37,0.17,0.58,2.36,1.1,1.26,10,11,43.81,68.83,-8.13,15.68,80.88,-14.61,27.86,79.09,-13.68,27.5,80.12,-11.59,27.7,81.9,-12.76,26.71
HSV,0.5,Nutrient_culture,AG,3.83,8,61.5,2,59,114,1.37,0.6,3.28,0.17,0.59,2.84,0.88,1.96,12,12,49.58,61.09,-12.06,22.31,80.28,-12.16,24.29,80.25,-13.04,24.86,66.98,-6.32,30.07,65.91,-7.6,28.87
HSV,0.5,Nutrient_culture,AG,3.36,7,49,2,65,90.6,1.39,0.61,3.27,0.18,0.58,2.64,1.25,1.39,10,12,37.15,79.24,-7.28,13.21,79.18,-12.05,21.64,80.18,-13.06,23.8,75.43,-9.49,31.52,74.19,-10.73,30.35
HSV,0.5,Nutrient_culture,AG,3.57,7,50,3,65,70.7,1.36,0.61,3.29,0.17,0.58,2.81,1.06,1.75,5,10,49.82,62.89,-9.98,18.57,79.79,-14.22,27.75,78.15,-12.37,22.93,83.24,-13.99,29.31,81.3,-14.64,27.82
HSV,0.5,Nutrient_culture,AG,3.14,8,51,2,65,114.5,1.37,0.6,3.26,0.18,0.58,2.58,1.58,1,5,10,48.84,76.63,-12.46,23.1,79.4,-9.85,20.21,74.75,-10.49,19.9,72.05,-7.84,31.33,71.19,-8.39,30.39
HSV,0.5,Nutrient_culture,AG,4.61,8,56.5,2,65,136.2,1.36,0.6,3.28,0.16,0.58,2.63,1.24,1.39,5,10,44.4,72.85,-10.83,19.37,80.01,-15.67,29.4,74.87,-11.15,26.04,82.91,-11.2,27.04,81.56,-12.04,25.75
HSV,0.5,Nutrient_culture,AG,3.06,7,43,3,68,103.8,1.34,0.6,3.29,0.17,0.58,2.47,1.29,1.18,5,9,49.85,78.79,-8.03,15.2,84.68,-11.68,24.01,74.43,-9,28.18,77.93,-9.94,28.28,75.01,-10.91,27.23
HSV,0,Nutrient_culture,CP,3.27,8,60.5,2,59,104,1.04,0.89,2.46,0.2,0.39,4.34,1.7,2.64,5,17,51.31,81.73,4.54,3.51,72.37,2.75,4.08,78.28,6.9,13.06,79.3,5.29,12.29,80.37,4.53,13.62
HSV,0,Nutrient_culture,CP,4.43,8,57,2,59,128,1.06,0.88,2.47,0.26,0.48,4.27,1.59,2.68,6,13,52.13,60.75,3.75,4.55,80.65,2.52,4.42,77.91,6.9,7.03,77.88,5.64,10.78,80.11,4.92,11.92
HSV,0,Nutrient_culture,CP,4.65,8,56,4,76,87.9,1.02,0.88,2.46,0.2,0.39,3.99,1.27,2.72,7,15,52.39,63.36,2.71,7.16,85.72,3.44,4.83,77.8,4.13,10.96,83.91,6.4,9.11,81.7,5.49,10.68
HSV,0,Nutrient_culture,CP,4.05,9,67.6,3,65,97.3,1.06,0.88,2.44,0.2,0.39,3.23,0.94,2.29,7,11,57.14,76.22,9.07,2.69,82.38,11.28,3.04,86.96,1.52,2.57,83.29,8.14,5.81,84.34,7.32,6.8
HSV,0,Nutrient_culture,CP,3.72,8,53.5,3,65,92.9,1.04,0.88,2.46,0.2,0.39,2.84,1.53,1.31,5,10,48.79,81.09,6.89,2.99,86.02,4.53,4.84,82.43,7.63,3.83,79.32,2.5,8.98,80.51,1.9,9.69
HSV,0,Nutrient_culture,CP,4.69,8,56,2,64,120,1.06,0.88,2.44,0.2,0.39,3.54,1.27,2.27,5,12,55.22,79.52,3.39,2.16,82.13,11.52,4.35,82.1,7.85,4.08,67.18,6.84,10.52,72.26,6.22,11.42
HSV,0.1,Nutrient_culture,CP,4.28,7,65,2,65,95.9,1.09,0.48,2.35,0.25,0.45,3.56,1.24,2.32,5,16,47.31,78.72,6.77,2.22,85.21,4.94,4.04,83.55,5.41,4.06,81.29,5.78,11.57,81.23,5.08,12.73
HSV,0.1,Nutrient_culture,CP,4.3,8,70.5,2,64,126.7,1.06,0.47,2.38,0.32,0.54,3.17,1.07,2.1,5,12,53.97,76.24,5.18,3.44,74.78,8.33,8.79,85,4.17,4.29,78.28,6.9,13.06,79.36,6.29,14.07
HSV,0.1,Nutrient_culture,CP,4.51,7,63.5,3,65,98.1,1.08,0.45,2.34,0.25,0.45,3.37,1.37,2,5,12,53.6,82.43,7.63,3.83,81.9,9.11,6.58,82.77,6.64,3.71,77.91,6.9,7.03,78.18,5.41,7.98
HSV,0.1,Nutrient_culture,CP,3.84,7,57,3,65,117.2,1.08,0.48,2.34,0.25,0.45,3.61,1.54,2.07,10,14,47.27,82.1,7.85,4.08,83.64,6.31,7.72,82.51,4.24,3.95,74.84,5.54,14.63,74.96,4.16,15.54
HSV,0.1,Nutrient_culture,CP,4.12,8,62,3,65,116.6,1.09,0.48,2.34,0.25,0.45,2.88,1.42,1.46,6,10,50.18,83.55,5.41,4.06,81.92,2.97,5.26,84.7,6.47,3.79,81.18,1.72,10.32,79.26,1.25,11.42
HSV,0.1,Nutrient_culture,CP,4.59,9,63,3,65,108.2,1.08,0.48,2.34,0.25,0.45,3.38,1.53,1.85,5,13,55.02,85,4.17,4.29,83.76,4.38,10.47,82.4,6.31,3.82,77.87,4.68,12.27,79.48,3.85,13.53
HSV,0.3,Nutrient_culture,CP,4.07,7,56,3,65,102.8,0.92,0.78,2.65,0.23,0.56,3.85,1.21,2.64,12,16,51.6,82.77,6.64,3.71,75.31,7.29,1.35,82.23,7.84,4.12,80.05,9.08,7.64,80.66,8.02,8.59
HSV,0.3,Nutrient_culture,CP,4.03,8,61,4,63,129.6,0.95,0.75,2.66,0.29,0.68,3.82,1.44,2.38,8,13,53.11,66.81,3.95,3.01,83.01,2.57,4.79,83.91,6.4,9.11,85.87,1.09,13.96,86.5,0.8,14.57
HSV,0.3,Nutrient_culture,CP,4.44,9,73,4,65,105.3,0.91,0.77,2.64,0.23,0.56,3.25,1.06,2.19,8,15,47.53,79.78,3.65,3.97,83.17,2.88,2.91,83.29,8.14,5.81,83.4,4.68,13.04,85.2,3.6,14.37
HSV,0.3,Nutrient_culture,CP,4.14,8,57,3,65,129.2,0.91,0.77,2.64,0.23,0.56,3.04,1.16,1.88,8,11,48.61,85.47,4.95,3.87,85.13,3.31,4.57,79.32,2.5,8.98,85.98,3.42,9.47,86.82,2.87,10.56
HSV,0.3,Nutrient_culture,CP,3.81,8,56.5,2,62,131.2,0.91,0.76,2.64,0.23,0.56,4.47,0.58,3.89,7,21,50.14,82.05,3.22,2.5,82.96,2.38,4.34,84.2,4.63,3.84,80.53,2.42,9.95,83.31,1.82,10.75
HSV,0.3,Nutrient_culture,CP,4.02,7,48,2,62,102.6,0.91,0.77,2.64,0.23,0.56,3.91,1.63,2.28,7,12,54.84,76.49,3.89,3.93,80.15,3.21,2.83,83.55,3.72,2.97,84.72,4.37,10.39,85.8,3.62,11.58
HSV,0.5,Nutrient_culture,CP,4.87,9,70.5,3,65,114.2,0.95,1.39,2.7,0.24,0.55,3.72,1.29,2.43,10,15,45.68,77.22,9.42,2.61,83.33,7.53,2.53,83.25,4.57,3.6,77.66,8.54,7.6,79.05,7.74,8.57
HSV,0.5,Nutrient_culture,CP,4.05,7,48.5,3,68,100.5,0.97,1.38,2.73,0.31,0.67,3.45,1.19,2.26,12,13,49.68,80.17,10.22,3.24,84.19,8.76,2.34,84.85,4.75,4.17,84.71,5.54,5.68,85.89,4.85,6.34
HSV,0.5,Nutrient_culture,CP,4.82,8,58,3,68,94.7,0.94,1.37,2.69,0.24,0.55,3.34,1.36,1.98,6,15,53.11,77.51,8.28,2.23,78.94,9.39,2.25,77.66,8.54,7.6,73.4,8.1,4.23,76.74,7.33,5.56
HSV,0.5,Nutrient_culture,CP,4.54,8,59,4,65,97.2,0.95,1.39,2.69,0.24,0.55,3.77,1.18,2.59,5,12,55.45,86.43,6.2,4.17,84.73,2.9,8.48,83.41,8.69,3.69,83.87,5.02,9.5,84.78,4.52,10.46
HSV,0.5,Nutrient_culture,CP,4.49,8,56,5,75,80.9,0.97,1.39,2.69,0.24,0.55,4.11,1.07,3.04,6,12,56.35,85.77,7.81,4.16,86.03,4.82,5.17,84.81,6.79,4.22,73.41,1.87,13.31,74.82,1.55,14.36
HSV,0.5,Nutrient_culture,CP,4.61,8,64,3,65,108.1,0.95,1.39,2.69,0.24,0.55,3.88,1.6,2.28,6,13,55.77,76.97,1.37,4.05,86.71,3.01,6.73,84.36,6.39,4.84,79.85,2.61,10.6,80.93,2.19,11.49
HSV,0,Nutrient_culture,BP,3.72,6,47.5,3,56,128.9,1.15,1.71,2.77,0.36,0.89,2.99,1.02,1.97,9,11,46.22,78.52,5.91,-3.6,85.81,0.38,2.07,84.48,0.74,2.36,85.28,-0.08,7.74,83.54,0.05,5.01
HSV,0,Nutrient_culture,BP,3.59,6,61.5,2,56,113.8,1.16,1.72,2.78,0.42,1,2.35,1.08,1.27,7,10,42.4,70.08,-0.08,1.89,89.81,0.22,2.63,88.36,0.88,2.58,41.17,25.22,-22.18,39.76,23.92,-24.03
HSV,0,Nutrient_culture,BP,4.88,7,67,4,59,122.9,1.17,1.73,2.78,0.36,0.89,2.84,1.29,1.55,9,15,43.1,76.76,0.77,3.65,86.66,4.68,-0.91,84.73,4.33,0.88,32.53,32.01,-27.89,30.19,30.66,-28.53
HSV,0,Nutrient_culture,BP,4.2,6,62.5,2,59,72.3,1.16,1.72,2.78,0.43,1.01,3.01,1.1,1.91,7,11,43.85,71.65,7.71,-4.76,89.26,-0.75,6.64,87.76,0.29,5.66,85.9,0.28,10.65,83.91,0.07,8.7
HSV,0,Nutrient_culture,BP,3.59,6,45,4,61,104.5,1.15,1.71,2.77,0.36,1.04,3.05,0.91,2.14,7,12,47.97,58.35,10.12,-7.71,90.86,-0.56,4.16,89.88,0.81,3.42,73.77,2.21,7.51,71.23,1.96,6.29
HSV,0,Nutrient_culture,BP,3.77,6,46.5,3,72,134,1.17,1.7,2.74,0.36,0.89,2.12,0.81,1.31,12,10,43.48,89.7,-0.35,2.43,89.33,-0.52,3.4,88.58,1.05,2.93,89.06,0.1,2.95,87.3,0.02,1.8
HSV,0.1,Nutrient_culture,BP,5.04,6,61,4,68,138.6,1.36,0.7,2.74,0.33,0.83,3.72,1.24,2.48,12,18,39.35,33.97,24.91,-20.21,56.42,16.54,-8.46,63.99,15.55,-8.69,62.78,9.21,-6.57,61.95,8.05,-7.35
HSV,0.1,Nutrient_culture,BP,4.08,6,46.5,3,68,120.6,1.35,0.72,2.75,0.38,0.92,3.78,1,2.78,10,16,41.19,62.84,14.08,-12.65,86.69,-0.27,2.74,84.7,0.25,3.04,45.24,14.87,-13.92,43.69,14.12,-15.16
HSV,0.1,Nutrient_culture,BP,3.7,6,50,3,65,122.6,1.34,0.69,2.72,0.33,0.87,3.47,1.23,2.24,8,10,40.98,74.06,-0.71,2.1,88.64,1.14,2.23,87.02,1.14,2.91,41.23,10.19,9.46,39.28,8.96,8.29
HSV,0.1,Nutrient_culture,BP,4.32,7,23,3,68,108.9,1.35,0.72,2.75,0.38,0.92,2.77,0.77,2,7,13,40.02,40.01,31.72,-25.57,69.13,13.62,-11.97,74.35,2.59,7.72,63.72,7.26,-2.79,62.48,6.67,-4.09
HSV,0.1,Nutrient_culture,BP,4.74,6,49,4,65,138.7,1.36,0.7,2.74,0.38,0.92,4.28,1.1,3.18,10,19,42.09,73.42,0.99,1.74,85.87,2.02,0.33,83.37,2.27,1.22,32.32,27.82,-22.45,30.53,25.38,-23.67
HSV,0.1,Nutrient_culture,BP,4.28,6,45.5,4,65,109.7,1.34,0.69,2.72,0.33,0.83,2.99,1.18,1.81,10,13,41.42,86.81,-0.47,3.28,89.18,-0.47,4.25,87.66,-0.71,4.14,84.04,-0.08,4.7,81.92,0.06,3.5
HSV,0.3,Nutrient_culture,BP,4.58,7,55.5,4,64,140.2,1,0.65,2.6,0.27,0.77,2.88,0.84,2.04,11,10,45.94,72.54,5.07,-2.45,83.39,0.68,1.2,82.04,0.66,1.16,86.96,1.52,2.57,85.32,1.18,1.45
HSV,0.3,Nutrient_culture,BP,4.01,6,53.5,2,64,146.4,1.05,0.66,2.61,0.32,0.85,3.94,0.77,3.17,7,15,47.01,73.4,4.82,-2.29,87.73,-0.37,4.83,88.47,-0.52,4.22,66.09,-0.48,23.17,64.6,0.23,21.36
HSV,0.3,Nutrient_culture,BP,3.33,5,40,2,65,118.7,1.03,0.66,2.59,0.26,0.77,2.73,0.79,1.94,11,11,41.83,52.39,21.36,-18.44,71.35,11.91,-9.15,73.51,11.85,-8.21,41.24,23.42,-21.06,40.02,22.18,-23.35
HSV,0.3,Nutrient_culture,BP,4.19,6,62.5,2,65,134.6,1.05,0.66,2.61,0.32,0.85,2.75,0.88,1.87,16,10,47.2,84.75,1.66,0.19,85.54,3.04,1.18,86.48,2.43,1.26,83.07,1.98,0.51,80.28,1.5,0.11
HSV,0.3,Nutrient_culture,BP,4.46,7,58.5,2,65,144.9,1.03,0.65,2.63,0.33,0.85,4.84,1.57,3.27,16,16,48.42,63.84,13.7,-10.29,83.34,2.22,-0.5,84.36,2.65,-0.29,62.47,9.27,-5.76,61.05,8.68,-6.4
HSV,0.3,Nutrient_culture,BP,4.92,7,53,3,59,116.3,1.03,0.66,2.59,0.27,0.77,2.65,0.99,1.66,16,10,44.13,79.88,6.89,-4.47,86.61,0.41,1.62,88.48,0.57,1.69,74.96,0.6,2.82,73.82,0.42,1.81
HSV,0.5,Nutrient_culture,BP,3.93,6,48.5,3,56,136.9,1.27,0.62,2.42,0.28,0.75,2.93,0.71,2.22,8,10,38.83,70.8,10.66,-9.01,88.02,0.02,2.16,89.11,0.06,2.92,43.05,19.29,-18.89,41.86,18.64,-17.34
HSV,0.5,Nutrient_culture,BP,4.94,6,52,4,65,131.6,1.26,0.63,2.43,0.34,0.84,2.32,0.95,1.37,8,10,43.33,78.41,5.61,-3.12,91.57,-0.85,4.8,91.96,-0.83,4.48,70.71,2.78,2.82,69.75,1.76,1.43
HSV,0.5,Nutrient_culture,BP,4.05,6,50.5,2,75,133.6,1.28,0.64,2.41,0.28,0.76,3.89,0.76,3.13,8,10,49.96,45.23,29.85,-25.56,91.35,1.02,3.06,91.76,1.44,2.85,42.6,17.85,-9.35,41.46,16.65,-9.65
HSV,0.5,Nutrient_culture,BP,3.92,6,60,3,59,135.5,1.26,0.63,2.43,0.34,0.84,2.91,0.95,1.96,10,15,46.05,69.8,6.91,-4.75,77.73,2.57,-1.06,82.77,2.77,-1.04,74.04,6.98,-1.8,72.67,6.35,-2.63
HSV,0.5,Nutrient_culture,BP,4.4,7,50.5,3,77,139.5,1.27,0.62,2.42,0.34,0.84,3.02,1.67,1.35,10,16,42.16,88.4,0.33,2.54,87.61,0.18,1.84,88.84,0.35,1.85,77.12,4.8,0.1,74.73,4.15,0.01
HSV,0.5,Nutrient_culture,BP,4.46,7,52,3,79,140.4,1.24,0.64,2.44,0.28,0.75,2.77,1.19,1.58,12,10,43.99,88.4,0.33,2.54,89.85,0.25,2.55,91.14,0.5,2.35,49.24,14.28,-14.46,47.72,13.46,-15.55
HSV,0,Nutrient_culture,KW,4.09,7,52,3,65,117.4,1.51,0.77,2.36,0.21,0.51,3.67,1.42,2.25,8,10,48.66,86.63,-0.83,2.38,91.44,-1.23,4.45,90.86,-1.29,4.36,90.7,-0.37,9.54,89.38,-1.04,9.95
HSV,0,Nutrient_culture,KW,3.51,7,61.5,2,65,130,1.53,0.79,2.35,0.27,0.61,3.92,1.52,2.4,5,15,54.56,91.31,-0.57,3.36,91.97,-1.27,5.23,91.29,-1.35,6.04,80.74,1,10.69,79.06,0.43,12.02
HSV,0,Nutrient_culture,KW,4.38,8,61,4,59,122.2,1.49,0.77,2.35,0.21,0.51,3.57,0.66,2.91,8,11,52.01,91.06,-0.54,2.6,89.89,-0.19,2.68,90.93,-0.27,3.26,89.51,-0.74,9.31,87.37,-1.33,10.74
HSV,0,Nutrient_culture,KW,3.38,8,55,3,65,143.6,1.47,0.78,2.35,0.21,0.51,4.35,1.42,2.93,6,15,45.81,89.04,-0.71,3.12,90.9,-0.88,4.61,91.92,-0.99,5.2,89.85,0.95,8.09,88.52,0.05,9.5
HSV,0,Nutrient_culture,KW,3.87,7,59,3,65,117.3,1.54,0.74,2.33,0.27,0.56,4.73,0.62,4.11,11,15,49.88,90.63,-0.73,3.4,89.47,-0.66,2.79,91.39,-0.91,3.77,88.58,-1.11,6.58,87.09,-2.28,7.53
HSV,0,Nutrient_culture,KW,4,7,57.5,3,62,129.8,1.47,0.78,2.35,0.21,0.51,4.19,0.84,3.35,8,15,41.63,89.9,-0.76,3.72,91.52,-0.82,3.64,93.07,-0.91,3.95,81.9,0.34,10.44,81.15,0.11,11.61
HSV,0.1,Nutrient_culture,KW,4.17,7,61,2,59,153.7,1.54,0.58,2.3,0.18,0.44,3.38,1.9,1.48,6,15,45.7,73.96,-1.12,3.83,84.26,-0.93,3.11,85.34,-1.1,3.45,89.02,-0.1,10.03,86.97,-1.72,11.12
HSV,0.1,Nutrient_culture,KW,3.71,7,58,3,61,139.7,1.54,0.56,2.29,0.17,0.44,3.86,1.49,2.37,8,10,45.56,67.79,-1.65,3.83,84.86,-0.5,7.6,86.47,-0.78,7.91,78.7,1.22,17.73,76.69,0.66,18.47
HSV,0.1,Nutrient_culture,KW,3.8,7,59,2,62,163.9,1.54,0.56,2.29,0.17,0.44,3.58,1.24,2.34,5,12,48.17,86.66,-3.13,8.18,87.27,-2.14,7.32,89.14,-2.92,7.89,87.16,-0.42,13.09,84.99,-0.83,14.56
HSV,0.1,Nutrient_culture,KW,3.87,8,58,3,65,150.3,1.54,0.56,2.29,0.17,0.44,3.89,1.22,2.67,6,15,48.15,89.57,-0.42,2.65,86.25,-0.61,2.69,87.08,-0.65,3.49,83.8,-0.03,8.83,81.75,-0.82,11.26
HSV,0.1,Nutrient_culture,KW,5.03,7,63.5,3,65,145.3,1.51,0.57,2.32,0.22,0.52,4,1.23,2.77,8,10,46.85,85.56,-1.18,4.21,84.27,-1.21,4.91,86.11,-1.64,5.71,84.29,-0.28,13.77,82.95,-1.48,14.96
HSV,0.1,Nutrient_culture,KW,4.19,8,65.5,3,64,154,1.54,0.56,2.29,0.17,0.44,4.43,0.81,3.62,8,15,51.7,84.3,-0.89,3.59,86.08,0,12.89,87.95,-0.25,13.35,77.55,2.36,18.75,76.09,1.18,19.73
HSV,0.3,Nutrient_culture,KW,3.08,6,34,4,76,130,1.43,0.89,2.33,0.14,0.45,3.46,1.42,2.04,8,10,48.379,86.98,-0.57,2.63,90.34,-0.73,3.67,91.76,-0.95,4.24,86.5,-0.05,6.58,85.37,-1.67,7.87
HSV,0.3,Nutrient_culture,KW,4.52,8,68,3,62,146.6,1.45,0.87,2.35,0.17,0.52,4.11,0.48,3.63,8,15,43,91.74,-0.5,3.19,90.47,-0.84,2.97,92.46,-0.32,3.32,90.04,-0.12,7.08,88.42,-1.4,7.78
HSV,0.3,Nutrient_culture,KW,4.25,7,60.5,3,68,131.6,1.43,0.88,2.32,0.14,0.46,4.06,1.4,2.66,8,15,39.72,89.83,-1,5.34,88.83,-0.91,3.97,89.72,-0.99,4.59,85.22,-0.77,12.57,84.28,-1.63,14.02
HSV,0.3,Nutrient_culture,KW,4.12,7,41,3,75,129.4,1.43,0.88,2.32,0.14,0.46,3.14,0.7,2.44,10,10,41,88.61,-0.4,2.31,85.61,-0.88,2.99,87.47,-1.03,3.71,94.03,-0.59,5.68,92.25,-1.26,6.91
HSV,0.3,Nutrient_culture,KW,5,7,58.5,4,76,160.6,1.41,0.87,2.35,0.17,0.52,3.98,0.7,3.28,12,15,37.83,90.23,-2.24,5.81,90.03,-0.74,3.08,91.44,-1.13,3.54,88.86,-1.68,5.94,87.65,-2.66,6.79
HSV,0.3,Nutrient_culture,KW,3.6,7,46,3,75,118.7,1.43,0.88,2.32,0.14,0.46,3.8,0.52,3.28,8,10,39.05,92.04,-0.87,4,92.4,-0.95,4.14,93.85,-1.1,4.63,87.46,-0.52,7.45,86.5,-1.07,8.3
HSV,0.5,Nutrient_culture,KW,3.87,8,54,3,74,148.9,1.47,0.89,2.3,0.18,0.45,5.57,0.62,4.95,8,15,48,87.79,-2.34,6.91,90.92,-2.85,8.84,91.66,-2.91,9.27,78.87,1.86,20.59,77.35,1.05,21.17
HSV,0.5,Nutrient_culture,KW,4.08,7,64.5,2,65,173,1.46,0.88,2.35,0.22,0.51,4.19,0.92,3.27,16,15,36.37,88.75,-1.08,4.26,92.42,-1.03,3.96,93.12,-1.5,4.68,89.34,-0.71,5.38,87.68,-2.59,6.74
HSV,0.5,Nutrient_culture,KW,3.65,8,56,3,77,130.1,1.46,0.86,2.28,0.18,0.45,3.53,0.55,2.98,16,10,41.63,73.65,-0.67,3.38,86.7,-0.55,3.28,87.88,-0.68,3.91,89.49,-0.2,3.49,86.24,-1.86,4.77
HSV,0.5,Nutrient_culture,KW,4.56,7,51,4,78,136.5,1.46,0.86,2.28,0.18,0.45,3.11,0.57,2.54,8,10,42.74,91.19,-1.28,5.42,94.68,-1.03,5.34,95.39,-1.53,5.89,89.26,-0.83,8.86,87.76,-1.34,10.06
HSV,0.5,Nutrient_culture,KW,4.2,7,59.5,3,75,138.4,1.47,0.87,2.29,0.18,0.45,3.29,0.86,2.43,8,10,44.89,92.4,-0.75,3.4,90.23,-0.76,3.37,92.01,-1.16,3.85,86.7,-0.42,14.12,85.01,-0.85,15.77
HSV,0.5,Nutrient_culture,KW,3.92,7,48,3,65,126.6,1.46,0.86,2.28,0.18,0.45,2.92,0.84,2.08,8,10,40.55,84.94,-0.99,3.88,87.38,-1.05,3.62,88.99,-1.66,4.23,91.86,-0.53,8.97,90.27,-0.75,10.54
HSR,0,Nutrient_culture,AG,4.19,8,52,4,64,115.4,1.12,1.47,3.23,0.18,0.65,3.52,1.94,1.58,10,12,55.63,79.13,-15.18,28.91,80.81,-15.14,30.24,81.55,-16.01,30.3,86.27,-10.6,24.78,81.23,-11.64,23.09
HSR,0,Nutrient_culture,AG,4.29,9,45,4,68,111,1.14,1.45,3.24,0.19,0.66,2.42,1.37,1.05,10,12,52.44,80.52,-14.43,28.21,77.95,-14.21,31.36,79.07,-14.81,32.26,78.59,-9.22,25.55,76.72,-10.47,23.61
HSR,0,Nutrient_culture,AG,3.63,8,52,4,65,111.8,1.11,1.47,3.25,0.18,0.64,2.15,1.28,0.87,13,10,49.37,81.63,-12,24.43,76.61,-13.52,27.72,78.05,-14.17,27.38,71.23,-7.12,29.13,69.04,-8.79,28.02
HSR,0,Nutrient_culture,AG,3.73,8,53,3,56,91.6,1.13,1.45,3.25,0.19,0.66,2.52,1.42,1.1,8,11,52.56,78.53,-15.34,30.16,75.82,-13.18,28.5,76.75,-13.62,29.89,80.01,-12.89,30.66,78.3,-35.08,28.06
HSR,0,Nutrient_culture,AG,3.51,9,41,2,59,122.7,1.16,1.47,3.24,0.18,0.62,2.68,1.67,1.01,13,10,58.12,79.01,-16.14,31.34,71.94,-15.99,32.56,76.15,-16.25,33.16,77.57,-12.53,30.65,75.1,-14.05,29.56
HSR,0,Nutrient_culture,AG,2.66,7,45.5,3,65,122.5,1.14,1.44,3.25,0.17,0.64,2.37,1.25,1.12,11,10,52.12,80.57,-11.83,23.83,79.32,-15.84,32.01,80.35,-16.08,33.91,81.37,-15.37,29.57,79.72,-16.86,26.68
HSR,0.1,Nutrient_culture,AG,3.65,9,45,4,65,115.6,1.47,0.54,3.02,0.18,0.59,3.05,1.64,1.41,11,11,52.46,81.13,-15.71,31.55,82.7,-12.66,24.93,80.81,-15.14,30.24,73.33,-1.55,23.57,81.35,-13.47,30.17
HSR,0.1,Nutrient_culture,AG,3.41,10,54.5,4,65,106.5,1.49,0.53,3.03,0.17,0.59,2.16,1.55,0.61,7,11,54.25,83.65,-15.05,28.58,77.37,-7.44,26.32,77.95,-14.21,31.36,78.02,-14.77,31.17,77.14,-11,30.08
HSR,0.1,Nutrient_culture,AG,3.81,9,41.5,4,56,106,1.48,0.53,3.02,0.18,0.58,1.79,1.07,0.72,8,10,56.23,83.63,-15.43,29.23,82.42,-12.9,25.79,76.61,-13.52,27.72,75.12,-13.13,27.82,81.25,-12.93,28.81
HSR,0.1,Nutrient_culture,AG,3.54,9,38.5,3,73,101.7,1.49,0.53,3.03,0.17,0.59,2.67,1.47,1.2,13,10,58.62,79.72,-16.1,31.08,80.83,-15.53,31.56,75.82,-13.18,28.5,77.41,-11.73,24.46,77.13,-11.64,30.61
HSR,0.1,Nutrient_culture,AG,3.34,8,47.5,2,56,99.9,1.46,0.53,3.02,0.18,0.59,3.58,3.4,0.18,19,10,55.47,77.87,-14.68,28.53,73.48,-15.98,31.44,71.94,-15.99,32.56,75.43,-12.11,30.48,82.12,-14.19,29.4
HSR,0.1,Nutrient_culture,AG,3.18,8,34,4,65,104.7,1.46,0.54,3.02,0.18,0.59,2.34,1.56,0.78,7,12,57.61,80.55,-15.22,28.92,80.18,-10.8,29.18,79.32,-15.84,32.01,73.54,-1.67,28.75,80.43,-13.71,28.74
HSR,0.3,Nutrient_culture,AG,3.48,7,45,4,65,107,1.39,0.6,3.17,0.16,0.59,2.75,1.77,0.98,13,11,52.15,82.69,-13.99,27.09,82.83,-14.21,29.82,82.7,-12.66,24.93,82.5,-8.93,19.29,80.69,-14.68,32.08
HSR,0.3,Nutrient_culture,AG,3.1,9,52.5,3,61,106.1,1.38,0.6,3.19,0.16,0.59,2.3,1.39,0.91,6,10,51.18,79.21,-15.31,29.08,80.68,-13.51,29.58,77.37,-7.44,26.32,84.13,-8.28,18.63,68.1,0.9,30.15
HSR,0.3,Nutrient_culture,AG,3.23,9,51.5,4,65,106.5,1.38,0.62,3.17,0.16,0.59,2.41,1.42,0.99,8,10,55.32,75.64,-13.69,26.01,81.33,-14.74,28.74,82.42,-12.9,25.79,81.07,-9.94,19.83,79.8,-13.97,31.9
HSR,0.3,Nutrient_culture,AG,2.92,9,41,5,62,89.9,1.38,0.6,3.19,0.16,0.59,1.93,0.88,1.05,5,12,55.75,82.87,-15.42,29.95,80.81,-12.22,29.13,80.83,-15.53,31.56,77.47,-12.67,29.14,80.83,-13.92,28.4
HSR,0.3,Nutrient_culture,AG,3.94,9,46.5,5,56,124.5,1.37,0.62,3.19,0.16,0.59,2.73,1.75,0.98,6,12,57.94,81.81,-13.51,27.61,80.21,-6.94,25.31,73.48,-15.98,31.44,80.09,-11.34,24.92,80.61,-16.5,31.69
HSR,0.3,Nutrient_culture,AG,3.52,9,44.5,5,77,120.2,1.37,0.62,3.17,0.16,0.59,3.62,2.67,0.95,16,10,56.95,79.07,-16.38,31.38,77.55,-16.13,30.84,80.18,-10.8,29.18,81.92,-12.9,27.93,67.19,-4.57,28.83
HSR,0.5,Nutrient_culture,AG,3.13,9,46,6,65,106.5,1.27,0.52,3.25,0.14,0.59,2.65,1.85,0.8,13,10,51.46,80.05,-15.57,30.17,83.25,-14.04,29.85,82.83,-14.21,29.82,79.94,-7.23,26.46,81.8,-11.17,30.85
HSR,0.5,Nutrient_culture,AG,3.27,9,45,4,65,110.9,1.29,0.53,3.27,0.15,0.58,2.26,1.61,0.65,13,10,54.61,81.76,-14.89,28.09,78.24,-11.77,25,80.68,-13.51,29.58,81.19,-14.54,30.36,80.49,-13.28,30.29
HSR,0.5,Nutrient_culture,AG,3.44,9,36,3,68,105.3,1.25,0.53,3.25,0.14,0.59,2.27,1.55,0.72,10,12,54.66,81.05,-14.87,28.79,84.13,-9.67,27.11,81.33,-14.74,28.74,75.39,-10.96,31.41,78.47,-14.94,31.94
HSR,0.5,Nutrient_culture,AG,5,9,48,4,59,120.5,1.3,0.53,3.27,0.15,0.58,2.05,1.47,0.58,10,10,56.43,83.42,-13.44,26.62,79.08,-14.25,31.35,80.81,-12.22,29.13,78.68,-37.7,27.49,68.1,-4.7,29.69
HSR,0.5,Nutrient_culture,AG,3.55,9,51.5,6,64,127.1,1.27,0.52,3.25,0.16,0.58,2.35,1.72,0.63,16,10,51.52,83.88,-13.95,26.96,76.78,-2.58,25.41,80.21,-6.94,25.31,77.34,-10.65,24.88,62.49,0.15,28.33
HSR,0.5,Nutrient_culture,AG,3.68,8,44,6,65,112.2,1.25,0.53,3.24,0.14,0.59,1.94,1.52,0.42,10,10,51.32,79.79,-17.56,32.31,79.74,-13.45,32.55,77.55,-16.13,30.84,75,-13.7,26.28,79.76,-16.26,32.8
HSR,0,Nutrient_culture,CP,3.64,7,56,3,59,90.1,1.04,0.89,2.46,0.2,0.39,3.55,1.46,2.09,8,14,55.9,76.49,5.66,4.04,81.95,12.67,5.17,83.25,-14.04,29.85,79.3,5.29,12.29,81.45,-10.86,28.7
HSR,0,Nutrient_culture,CP,3.86,8,43.5,3,59,81.9,1.06,0.88,2.47,0.26,0.48,3.8,0.88,2.92,11,12,59.21,71.89,3.42,2.95,82.24,4.71,4.68,78.24,-11.77,25,77.88,5.64,10.78,83.23,-11.81,27.73
HSR,0,Nutrient_culture,CP,3.98,6,36,3,64,86.5,1.02,0.88,2.46,0.2,0.39,3.82,0.93,2.89,6,15,61.32,80.96,5.94,4.08,80.39,6.46,10.77,84.13,-9.67,27.11,83.91,6.4,9.11,77.5,-5.92,28.68
HSR,0,Nutrient_culture,CP,3.13,8,48,4,64,114.7,1.06,0.88,2.44,0.2,0.39,3.14,0.78,2.36,10,12,61.32,84.28,5.79,2.14,82.06,8.67,4.94,79.08,-14.25,31.35,83.29,8.14,5.81,78.82,-8.87,29.17
HSR,0,Nutrient_culture,CP,4.06,9,46.5,4,67,82.9,1.04,0.88,2.46,0.2,0.39,3.11,0.97,2.14,6,16,51.06,79.5,6.97,1.95,81.56,5.29,6.52,76.78,-2.58,25.41,79.32,2.5,8.98,81.65,-15.1,29.05
HSR,0,Nutrient_culture,CP,3.95,8,39,3,68,77.3,1.06,0.88,2.44,0.2,0.39,2.6,0.82,1.78,10,12,66.18,74.29,5.16,2.06,81.97,7.38,7.85,79.74,-13.45,32.55,67.18,6.84,10.52,77.3,-10.87,32.74
HSR,0.1,Nutrient_culture,CP,4.37,9,45.5,3,65,114.5,1.18,0.95,2.6,0.22,0.54,3.53,1.47,2.06,11,13,57.54,81.25,3.59,2.85,81.54,7.98,6.83,81.95,12.67,5.17,75.82,8.17,6.84,70.62,13.07,9.45
HSR,0.1,Nutrient_culture,CP,4.81,7,56.5,3,65,104.4,1.19,0.98,2.65,0.29,0.66,3.44,1.32,2.12,16,15,41.9,83.43,6.51,7.06,89.35,4.32,4.15,82.24,4.71,4.68,81.63,4.48,11.92,78.1,5.26,10.82
HSR,0.1,Nutrient_culture,CP,4.65,9,58.5,5,64,103.3,1.19,0.97,2.6,0.22,0.54,3.33,1.71,1.62,11,11,58.14,85.12,3.66,5.63,81.35,5.63,9.27,80.39,6.46,10.77,82.18,9.18,7.4,73.83,5.68,17.69
HSR,0.1,Nutrient_culture,CP,5.44,9,63,4,64,137.6,1.18,0.95,2.6,0.22,0.54,3.5,1.59,1.91,11,13,54.59,83.31,8.87,3.08,82.28,8.81,5.62,82.06,8.67,4.94,80.89,6.83,10.36,79.75,6.77,9.72
HSR,0.1,Nutrient_culture,CP,4.96,6,56.5,4,62,126.3,1.18,0.95,2.63,0.22,0.54,3.62,2.15,1.47,16,11,57.79,79.7,1.91,7.48,79.81,9.17,4.6,81.56,5.29,6.52,80.88,6.05,6.74,73.27,7.31,18.64
HSR,0.1,Nutrient_culture,CP,4.23,8,53,4,65,114.5,1.17,0.95,2.6,0.22,0.54,3.05,1.89,1.16,11,12,55.81,75.2,7.86,1.91,81.32,6.71,7.05,81.97,7.38,7.85,78.84,9.82,5.77,74.43,4.36,12.02
HSR,0.3,Nutrient_culture,CP,5.16,9,59,5,59,122.8,1.05,1.61,2.88,0.23,0.58,3.08,1.54,1.54,11,12,59.03,80.52,8.22,3.01,81.75,7.37,5.53,81.54,7.98,6.83,82.19,8.21,5.95,84.05,4.89,9.58
HSR,0.3,Nutrient_culture,CP,4.07,9,54.5,3,65,110.3,1.06,1.63,2.86,0.3,0.71,3.08,1.39,1.69,13,13,56.25,82.18,6.9,1.72,85.16,6.89,3.32,89.35,4.32,4.15,79.92,10.42,5.03,85.01,5.24,8.32
HSR,0.3,Nutrient_culture,CP,3.68,8,48,3,65,104.8,1.04,1.6,2.84,0.23,0.58,2.49,1.23,1.26,13,12,57.19,63.98,4.15,1.36,80.99,7.17,4.94,81.35,5.63,9.27,83.33,7.93,4.37,74.2,6.33,16.85
HSR,0.3,Nutrient_culture,CP,4.2,8,55,4,59,108.5,1.04,1.6,2.88,0.23,0.58,3.05,1.07,1.98,13,13,60.08,84.56,6.18,3.81,82.2,8.84,5.42,82.28,8.81,5.62,80.36,12.98,3.08,81.67,4.95,9.2
HSR,0.3,Nutrient_culture,CP,4.24,7,50,5,61,102,1.04,1.6,2.88,0.23,0.58,3.42,1.56,1.86,13,12,59.22,76,4.06,3.57,81.17,5.68,3.78,79.81,9.17,4.6,86.89,4.77,7.7,86.83,4.64,5.97
HSR,0.3,Nutrient_culture,CP,4.21,8,53.5,5,65,117.2,1.04,1.6,2.87,0.22,0.57,3.75,1.77,1.98,11,13,57.26,85.64,3.58,3.85,83.78,7.63,6.92,81.32,6.71,7.05,81.2,6.71,4.72,81.83,5.51,6.71
HSR,0.5,Nutrient_culture,CP,4.49,8,49,4,65,123.4,0.52,2.55,2.71,0.23,0.63,3.63,2.38,1.25,16,12,57.23,77.65,7,1.66,76.78,9.22,2.96,81.75,7.37,5.53,85.5,7.95,6.99,78.52,8.6,12.83
HSR,0.5,Nutrient_culture,CP,4.53,9,51.5,3,68,123.9,0.55,2.54,2.72,0.3,0.74,3.19,1.68,1.51,12,13,59.02,86.08,6.35,2.73,79.7,2.18,17.26,85.16,6.89,3.32,77.07,6.62,3.7,83.15,7.39,7.08
HSR,0.5,Nutrient_culture,CP,4.39,9,60.5,4,65,115.1,0.51,2.57,2.7,0.23,0.63,2.99,1.8,1.19,16,13,52.9,85.44,4.33,3.19,87.4,7.64,4.73,80.99,7.17,4.94,79.97,7.85,8.78,79.7,10.58,6.7
HSR,0.5,Nutrient_culture,CP,4.7,9,55,4,65,118.4,0.52,2.53,2.74,0.24,0.64,3.22,1.56,1.66,10,10,57.04,79.43,5.92,3.01,85.52,3.94,6.87,82.2,8.84,5.42,80.03,10.4,7.08,73.63,11.16,7.51
HSR,0.5,Nutrient_culture,CP,4.26,8,56.5,4,62,133.7,0.52,2.55,2.71,0.23,0.63,3.29,1.85,1.44,11,10,62.33,77.43,7.18,0.79,74.07,13.86,3.83,81.17,5.68,3.78,86.21,3.55,8.5,85.71,4.53,8.31
HSR,0.5,Nutrient_culture,CP,4.07,8,52.5,6,65,106.7,0.52,2.53,2.74,0.24,0.64,3.09,1.55,1.54,13,12,55.33,79.92,5.11,2.19,81.29,6.17,2.48,83.78,7.63,6.92,82.88,8.55,3.78,85.62,4.17,7.79
HSR,0,Nutrient_culture,BP,3.83,6,53.5,4,56,107.5,1.15,1.71,2.77,0.36,0.89,2.34,1.36,0.98,15,10,44.49,91.01,-1.67,5.42,81.52,3.85,-1.66,76.78,9.22,2.96,85.28,-0.08,7.74,84.58,10.87,5.26
HSR,0,Nutrient_culture,BP,3.63,7,46,4,56,118.2,1.16,1.72,2.78,0.42,1,5.57,2.17,3.4,13,11,46.02,88.06,2.02,0.06,68.94,8.35,-7.27,79.7,2.18,17.26,41.17,25.22,-22.18,76.87,2.33,15.46
HSR,0,Nutrient_culture,BP,4.97,6,50.5,3,59,101.4,1.17,1.73,2.78,0.36,0.89,2.62,1.37,1.25,15,10,50.21,83.18,0.89,0.71,78.54,-0.19,5.33,87.4,7.64,4.73,32.53,32.01,-27.89,87.11,7.47,5.46
HSR,0,Nutrient_culture,BP,3.24,6,49,4,65,119,1.16,1.72,2.78,0.43,1.01,2.14,1.05,1.09,15,10,48.02,81.04,4.02,-1.6,53.16,16.17,-14.36,85.52,3.94,6.87,85.9,0.28,10.65,81.71,7.68,8.96
HSR,0,Nutrient_culture,BP,4.07,6,52.5,4,65,111.7,1.15,1.71,2.77,0.36,1.04,2.31,1.19,1.12,15,10,49.39,84.96,-0.5,2.22,83.09,1.08,2.62,74.07,13.86,3.83,73.77,2.21,7.51,75.7,11.04,5.16
HSR,0,Nutrient_culture,BP,4.2,6,51.5,4,68,145.5,1.17,1.7,2.74,0.36,0.89,2.32,1.51,0.81,15,10,47.16,87.9,0.19,2.36,84.7,2.03,0.62,81.29,6.17,2.48,89.06,0.1,2.95,78.91,9.41,4.6
HSR,0.1,Nutrient_culture,BP,5.49,6,54.5,4,61,142.6,1.12,0.71,2.47,0.37,0.82,2.49,1.12,1.37,14,7,46.66,83.08,2.2,-0.44,66.23,14.95,-12.73,81.52,3.85,-1.66,36.71,27.37,-23.58,85.48,3.8,-0.32
HSR,0.1,Nutrient_culture,BP,4.11,6,42.5,4,62,114.6,1.13,0.72,2.46,0.44,0.9,1.24,0.77,0.47,13,10,41.44,88.7,0.05,3.16,49.8,24.03,-20.59,68.94,8.35,-7.27,74.8,6.06,-3.71,89.06,1.04,2.23
HSR,0.1,Nutrient_culture,BP,3.9,6,44.5,4,65,124.3,1.14,0.73,2.45,0.36,0.82,2.92,1.59,1.33,16,10,49.53,87.93,2.2,-0.34,86.33,1.2,2.4,78.54,-0.19,5.33,35.71,29.5,-24.03,89.62,-0.43,7.94
HSR,0.1,Nutrient_culture,BP,4.68,7,54,4,65,165.9,1.35,0.72,2.75,0.38,0.92,2.6,0.99,1.61,16,10,47.34,83.16,3.88,-0.82,85.68,3.56,-0.2,53.16,16.17,-14.36,54,11.66,-9.07,74.22,9.78,-6.81
HSR,0.1,Nutrient_culture,BP,3.96,6,48.5,4,68,144.4,1.1,0.73,2.45,0.44,0.9,2.81,1.82,0.99,16,10,44.6,85.74,1.19,1.56,78.51,6.98,-4.69,83.09,1.08,2.62,84.87,5.56,-1.27,89.09,-0.32,4.43
HSR,0.1,Nutrient_culture,BP,4.45,6,56.5,5,62,154.7,1.15,73,2.44,0.36,0.82,2.65,1.69,0.96,16,10,50.4,76.07,10.29,-8.36,82.81,6.6,-4.11,84.7,2.03,0.62,71.25,7.87,-3.79,84.29,-0.09,3.62
HSR,0.3,Nutrient_culture,BP,3.45,6,53,3,56,134.9,0.91,1.88,2.47,0.35,0.77,2.31,1.03,1.28,14,10,49.8,86.28,0.98,1.53,59.99,11,-8.51,66.23,14.95,-12.73,48.53,18.45,-16.39,84.9,1.17,2.02
HSR,0.3,Nutrient_culture,BP,4.51,7,57,6,68,132,0.93,1.89,2.48,0.42,0.88,2.93,1.24,1.69,16,10,48.8,87.53,0.63,1.8,76.02,7.57,-4.57,49.8,24.03,-20.59,83.58,3.67,-1.13,87.17,2.11,4.34
HSR,0.3,Nutrient_culture,BP,3.9,5,43.5,4,68,109,0.93,1.87,2.44,0.35,0.77,2.65,1.48,1.17,16,10,45.93,81.16,0.3,2.25,82.33,6.26,-3.02,86.33,1.2,2.4,82.71,1.88,1.32,80.42,-2.18,8.68
HSR,0.3,Nutrient_culture,BP,4.45,4,54.5,5,68,142,1.05,0.66,2.61,0.32,0.85,2.79,1.18,1.61,16,10,54.02,86.18,0.74,1.34,81.93,6.97,-3.28,85.68,3.56,-0.2,59.71,12.28,-9.83,86.21,2.51,0.71
HSR,0.3,Nutrient_culture,BP,4.69,6,49.5,3,65,124.1,0.91,1.87,2.45,0.42,0.88,2.45,1,1.45,14,10,51.02,60.72,6.61,-4.3,63.17,13.11,-9.44,78.51,6.98,-4.69,72.48,11.59,-9.2,84.69,3.03,-0.35
HSR,0.3,Nutrient_culture,BP,4.16,7,46.5,6,68,121.5,0.92,1.89,2.48,0.42,0.87,2.57,1.16,1.41,16,10,47.82,75.53,7.16,-6.04,41.83,29.7,-26.89,82.81,6.6,-4.11,51.18,22.2,-19.33,76.58,9.47,-6.75
HSR,0.5,Nutrient_culture,BP,5.59,7,60.5,6,68,126,1.33,0.75,2.1,0.32,0.78,2.55,1.12,1.43,16,10,52.65,73.81,-0.16,2.77,86.78,0.64,2.49,59.99,11,-8.51,72.95,7.44,-3.18,87.41,0.63,3.53
HSR,0.5,Nutrient_culture,BP,4.56,5,54.5,5,77,154.7,1.35,0.76,2.12,0.39,0.88,2.61,1.31,1.3,16,10,46.09,88.37,-0.48,3.12,52.47,18.76,-16.21,76.02,7.57,-4.57,83.42,0.72,2.35,89.67,-0.48,5.35
HSR,0.5,Nutrient_culture,BP,4.28,5,48,4,75,123.9,1.34,0.77,2.12,0.33,0.78,2.59,1.42,1.17,16,10,50.28,83.78,-0.22,3.1,71.85,2.35,-0.61,82.33,6.26,-3.02,87.35,1.57,2.53,71.12,8.83,-6.47
HSR,0.5,Nutrient_culture,BP,3.97,6,48,4,77,121.2,1.26,0.63,2.43,0.34,0.84,2.29,0.82,1.47,16,10,44.26,83.38,0.6,1.9,70.79,10.88,-8.37,81.93,6.97,-3.28,30.75,32.32,-26.6,86.25,1.4,1.92
HSR,0.5,Nutrient_culture,BP,3.87,6,43.5,3,80,127.1,1.33,0.75,2.1,0.39,0.88,2.85,1.51,1.34,16,10,48.2,78.11,1.39,1.51,41.57,27.31,-23.96,63.17,13.11,-9.44,68.41,22.23,-8.72,89.51,1.58,3.41
HSR,0.5,Nutrient_culture,BP,4.54,5,49.5,6,82,134,1.35,0.76,2.13,0.39,0.88,2.53,1.37,1.16,16,11,47.37,88.93,-0.47,3.66,84.47,1.22,1.82,41.83,29.7,-26.89,58.78,16.45,-14.88,59.94,17.18,-15.8
HSR,0,Nutrient_culture,KW,4.14,6,43.5,5,66,121.1,1.51,0.77,2.36,0.21,0.51,3.04,1.45,1.59,15,10,45.12,92.54,-0.97,3.27,91.85,-0.22,3.91,86.78,0.64,2.49,90.7,-0.37,9.54,86.92,-0.08,5.18
HSR,0,Nutrient_culture,KW,3.72,8,54,3,65,94.4,1.53,0.79,2.35,0.27,0.61,3.2,1.68,1.52,6,17,53.88,86.22,-0.61,2.62,88.22,0.38,9.55,52.47,18.76,-16.21,80.74,1,10.69,90.01,0.52,3.49
HSR,0,Nutrient_culture,KW,4.45,7,43,4,66,126.2,1.49,0.77,2.35,0.21,0.51,2.84,1.68,1.16,6,15,49.14,81.84,-0.61,1.87,93.18,-0.22,6.5,71.85,2.35,-0.61,89.51,-0.74,9.31,89.8,-0.34,4.06
HSR,0,Nutrient_culture,KW,5.05,7,55,3,65,111.8,1.47,0.78,2.35,0.21,0.51,2.04,1.4,0.64,6,15,48.36,88.48,-0.47,1.95,87.74,1.37,11.61,70.79,10.88,-8.37,89.85,0.95,8.09,83.72,4.46,-2.12
HSR,0,Nutrient_culture,KW,4.67,7,51,3,65,127.1,1.54,0.74,2.33,0.27,0.56,3.9,3.05,0.85,15,10,49.43,90.44,-0.53,2.61,91.98,-0.11,3.66,41.57,27.31,-23.96,88.58,-1.11,6.58,42.4,26.35,-24.83
HSR,0,Nutrient_culture,KW,5.1,7,49.5,4,65,103.7,1.47,0.78,2.35,0.21,0.51,4.11,2.58,1.53,15,14,50.74,88.95,-0.66,2.31,87.63,0.07,4.21,84.47,1.22,1.82,81.9,0.34,10.44,81.95,1.92,1.53
HSR,0.1,Nutrient_culture,KW,4.45,6,49.5,4,65,138.3,1.23,1.26,1.85,0.22,0.38,3.96,2.34,1.62,16,14,48.19,87.07,-1.45,3.95,91.28,-1.07,6.57,91.85,-0.22,3.91,90.2,-1.15,5.91,93.61,-0.72,4.42
HSR,0.1,Nutrient_culture,KW,4.52,7,50.5,3,68,154,1.26,1.25,1.86,0.26,0.44,4.01,2.25,1.76,16,15,49.22,90.29,-0.7,2.67,93.35,-0.17,4.4,88.22,0.38,9.55,92,-0.66,7.82,71.29,2.45,26.68
HSR,0.1,Nutrient_culture,KW,3.97,7,46.5,3,68,144.5,1.24,1.25,1.85,0.22,0.38,3.13,1.61,1.52,7,15,50.95,81.01,-0.85,3.51,89.44,0.1,7.46,93.18,-0.22,6.5,91.43,-1.8,8.31,81.24,1.35,19.17
HSR,0.1,Nutrient_culture,KW,3.93,7,46,3,65,149.5,1.24,1.25,1.85,0.22,0.38,5.16,4.77,0.39,22,21,45.27,90.64,-1.69,6.75,92.55,-0.59,6.13,87.74,1.37,11.61,90.88,-0.3,4.21,80.72,0.99,16.39
HSR,0.1,Nutrient_culture,KW,4.23,8,51,5,64,122.2,1.23,1.27,1.84,0.22,0.38,3.83,1.85,1.98,19,14,42.78,90.08,-0.6,2.29,84.99,-0.83,6.03,91.98,-0.11,3.66,86.14,-0.54,11.14,92.1,-0.66,4.68
HSR,0.1,Nutrient_culture,KW,4.88,7,47.5,4,65,131.3,1.24,1.25,1.85,0.22,0.38,3.25,2.59,0.66,19,13,43.48,93.85,-1.16,4.38,88.17,-0.05,3.48,87.63,0.07,4.21,90.31,-0.59,7.46,93.41,-0.62,4.96
HSR,0.3,Nutrient_culture,KW,5.36,8,49.5,3,65,89.5,1.55,0.54,1.98,0.18,0.39,4.35,3.93,0.42,16,10,44.76,81.07,-0.71,3.23,88.2,-0.33,4.5,91.28,-1.07,6.57,86.6,0.3,12.11,90.07,-1.05,5.22
HSR,0.3,Nutrient_culture,KW,4.15,8,45.5,4,64,153.6,1.56,0.57,1.96,0.22,0.47,3.53,2.17,1.36,16,10,46.45,91.31,-0.57,2.83,90.5,-1.26,7.27,93.35,-0.17,4.4,92.37,-0.26,4.2,92.78,-1.74,7.58
HSR,0.3,Nutrient_culture,KW,3.52,7,52.5,3,59,126.3,1.55,0.54,1.98,0.18,0.39,3.51,1.64,1.87,16,15,46.9,92.1,-0.56,2.94,91.73,-0.42,5.13,89.44,0.1,7.46,88.47,0.77,11.84,77.72,-0.08,14.33
HSR,0.3,Nutrient_culture,KW,4.78,7,50.5,4,59,147.1,1.55,0.54,1.98,0.18,0.39,3.34,1.79,1.55,16,10,50.99,92.57,-0.72,3.28,92.22,-0.28,4.29,92.55,-0.59,6.13,90.74,-0.24,5.28,96.11,-0.63,5.7
HSR,0.3,Nutrient_culture,KW,4.26,7,45.5,4,77,139.4,1.57,0.54,1.98,0.18,0.39,3.12,1.88,1.24,12,10,49.25,90.51,-0.75,2.96,88.11,-0.01,5.69,84.99,-0.83,6.03,89.1,-0.41,4.59,92.45,-0.72,9.57
HSR,0.3,Nutrient_culture,KW,4.33,8,45,4,79,125,1.55,0.54,1.98,0.18,0.39,3.81,1.78,2.03,14,11,54.34,91.41,-0.46,3.02,91.07,-0.57,5.73,88.17,-0.05,3.48,90.77,-0.15,4.66,94.89,-0.59,5.31
HSR,0.5,Nutrient_culture,KW,4.72,7,48.5,4,77,142.6,1.72,0.56,2.11,0.21,0.43,2.95,2.76,0.19,16,11,41.49,75.73,-1.18,3.71,91.18,-0.27,3.47,88.2,-0.33,4.5,79.15,0.99,22.64,91.48,-0.86,4.98
HSR,0.5,Nutrient_culture,KW,5.07,6,46.5,4,65,150.4,1.75,0.54,2.15,0.25,0.5,3.28,3.23,0.05,22,10,49.78,85.18,-0.38,1.56,86.98,0.22,2.41,90.5,-1.26,7.27,90.94,-0.81,9.56,92.14,-1.72,8.22
HSR,0.5,Nutrient_culture,KW,4.03,7,51.5,3,56,126.3,1.71,0.55,2.11,0.21,0.43,3.72,2.44,1.28,16,12,50.91,89.42,-0.84,3.66,90.69,-1.81,8.65,91.73,-0.42,5.13,90.86,-0.58,5.22,92.66,-0.35,5.3
HSR,0.5,Nutrient_culture,KW,5.68,7,54.5,5,59,106.3,1.71,0.55,2.11,0.21,0.43,3.76,2.58,1.18,16,10,49.12,85.35,-0.83,3.21,88.38,-0.26,3.72,92.22,-0.28,4.29,91.62,-2.93,16.8,92.79,-0.69,5.8
HSR,0.5,Nutrient_culture,KW,3.48,7,46.5,3,68,106.5,1.74,0.56,2.11,0.21,0.43,3.65,2.65,1,16,10,42.17,89.98,-1.48,5.52,89.15,-2.09,8.56,88.11,-0.01,5.69,93.41,-0.61,7.09,92.64,-0.26,8.53
HSR,0.5,Nutrient_culture,KW,5.25,8,56,4,62,126.3,1.71,0.55,2.11,0.21,0.43,3.11,2.95,0.16,22,10,47.07,89.47,-1.99,4.93,90.55,-0.34,3.74,91.07,-0.57,5.73,87.21,-1.4,6.77,89.19,-0.1,6.79
