Cultivar,SPAD_1,SPAD_6,SPAD_9,SPAD_11,SPAD_14,Vase_life
AG,50.2,16.7,12.2,24.9,12.1,10
AG,52.5,19,15.1,24.2,11,10
AG,51.2,15.2,14.2,24.1,10.4,10
AG,37.7,16.7,30.9,30.2,15.8,11
AG,32.2,18.3,26.1,27.2,14.2,11
AG,35.2,20.9,26.2,29.9,13.7,11
AG,17.4,25.7,23.1,22.4,21.6,12
AG,17.8,25.9,22.4,22.2,23.4,12
AG,18,25.2,20.8,24.9,23,12
AG,57.4,40.8,32.8,17,10.1,10
AG,56.5,36.5,34,17,10.1,10
AG,49.8,39.1,33.9,16.4,10.2,10
AG,39,41.8,33.5,3.7,2.8,7
AG,38.9,39.8,36.2,3.3,2.9,7
AG,36.8,38.9,34.4,3.2,3.2,7
AG,39.4,32.3,26.4,12.9,12.6,8
AG,37.5,32.9,30.7,13.2,11.3,8
AG,37.5,29.7,27,14.2,13.7,8
AG,43.5,32.6,37.7,23.1,21.7,10
AG,43.9,32.7,37.6,26.9,22.7,10
AG,43.4,35.3,35.4,26.2,23.7,10
AG,19.8,15.1,20.1,13,18,10
AG,19.2,15.3,20.3,12.7,18.2,10
AG,21.8,11.9,21,13.2,16.9,10
AG,51.2,36.3,30.3,26.2,24,10
AG,47.7,37.8,29.4,25.1,22.8,10
AG,52.2,36.8,27.5,26.2,22.6,10
AG,42.9,15.1,20.1,22.2,20.1,10
AG,37.7,16.1,21.7,21.6,19.6,10
AG,40.2,17,21,22.2,21,10
AG,52.2,42.3,26.7,21.3,20.4,9
AG,52.2,43.3,24.7,20.5,22.1,9
AG,49.9,39.6,24.4,19.9,19.5,9
AG,27.5,10.1,9.8,9.9,9.8,7
AG,16.6,10.6,8.3,10,9.1,7
AG,14.3,10.7,10.8,9.6,9.7,7
AG,52.6,36.4,27.9,17.7,18.6,14
AG,52.4,34.7,27.5,18.6,17.1,14
AG,43.1,33.4,26.9,17.1,18.7,14
AG,34.7,35.4,29.7,20.1,16.5,12
AG,38.5,35.2,29.6,17.2,16.1,12
AG,40.5,33.2,28.1,17.6,15.8,12
AG,43.7,33.4,24.5,17.9,20.2,12
AG,45.3,33.2,25,17.6,21,12
AG,52.4,31.9,24.9,18.6,20.3,13
AG,38.3,25.6,22.8,17.4,12,13
AG,36.4,27.7,21.2,17.6,11.8,13
AG,33.2,25.8,21.6,19.1,11.7,14
AG,44.5,24.9,22.6,18.2,10.5,14
AG,41.8,24.3,22.7,19,16.4,14
AG,38.8,24.8,21.6,17.9,15.6,14
AG,56.6,39,29.9,26.8,24.9,14
AG,57.4,40.1,27.8,25.4,21.5,14
AG,52.2,40.7,28.2,23.4,21.1,14
AG,41,27.8,27.9,28.4,24.7,14
AG,39.6,27.9,29.4,28.3,24.9,14
AG,40,27.4,27.7,28.2,24,14
AG,60.6,43.9,29.6,24.9,21.7,13
AG,55.5,43.8,29.3,23.8,21.4,13
AG,54.5,43.6,29.2,23.7,21.7,13
AG,34.3,32.1,28,26.1,21.2,11
AG,30.1,28.4,28.6,27.7,20.4,11
AG,32.3,28.4,26.3,24.5,19.7,11
AG,43.5,33.8,27.9,19,17.9,12
AG,47.4,32.9,27.6,19.4,17.4,12
AG,43.2,31.4,28,23.3,19.7,12
AG,38.8,25.8,21.6,17.5,15.1,13
AG,42.4,25.6,21.7,17.7,14.9,13
AG,38.4,23.8,21.9,17,15,13
AG,46.6,46.4,41.4,28,29.8,11
AG,48.3,43.2,38.2,27.2,27.4,11
AG,43.2,42.4,38.4,27.7,25.9,11
AG,55.7,42.2,36.8,34.1,26.4,9
AG,58.6,46.1,33.8,32.1,27,9
AG,55.5,40.1,35.2,34.3,27,9
AG,86.4,64.2,52.9,41.9,39.1,9
AG,82.6,66.2,53.9,42.9,36.8,9
AG,73.2,57.7,49.6,41.3,35.4,9
AG,78.5,55.3,49.7,49.1,35.6,10
AG,77.3,55.2,48.2,45.1,31.4,10
AG,74.3,47.1,47.3,44.7,29.7,10
AG,80.9,63.1,60.3,24.1,18.1,11
AG,77.1,46.7,61.9,22,17.6,11
AG,72.1,49.2,59.6,23.1,17.1,11
AG,88.7,72.2,53.3,43.9,27.4,9
AG,87.2,68.5,58.9,33.2,26.2,9
AG,72.6,61.3,56.3,31.8,25.2,9
AG,56.2,54.3,53,47.4,37.4,8
AG,58.2,53.5,50.8,44.5,32.4,8
AG,52.8,54,53.2,42.1,33.7,8
AG,79.5,62.2,41.1,30.2,20.2,10
AG,70.1,59.4,40.5,25.6,24.6,10
AG,69,58.2,35.4,27,16.6,10
AG,97.4,79.4,51.5,36.2,24.9,11
AG,90.6,84.7,51,34.2,22.9,11
AG,85.8,76.7,49.5,34,22.6,11
AG,74.3,66.4,56.5,29.4,26.4,12
AG,66.5,54.2,60.2,26.7,24.7,12
AG,65.2,47.3,55,25.7,24.3,12
AG,79.4,72.1,60.2,52.7,38.8,9
AG,80.1,76.8,58.8,52.3,38.7,9
AG,79.2,70.1,58,52.1,33.8,9
AG,69.5,45.9,48.4,28.6,21.5,11
AG,66.6,54.2,47.4,29.6,25.2,11
AG,62,40.2,46.9,29.8,28.4,11
AG,79.5,53.8,38.2,42.7,19.7,10
AG,77.3,43.8,39.2,41.6,17.5,10
AG,68.3,45.2,37.8,38.2,16.1,10
AG,77.6,43.8,39.7,32.5,31.8,10
AG,75.6,43.8,35.6,35.1,27.4,10
AG,70.4,39.5,36.9,35.3,30.1,10
AG,43.8,29.2,25.9,26.4,21.2,14
AG,42.2,27,25.8,21.3,18.2,14
AG,36.8,27.4,24.9,22.2,17.4,14
AG,79.3,62.9,46.2,22.6,30,9
AG,72.8,64.8,46.7,22.4,30,9
AG,69.2,69.1,51.2,22.5,26.8,9
AG,87.2,79.4,73.5,44.4,37.5,11
AG,82.8,71.2,60.5,40,33.5,11
AG,78.6,70.6,62.1,41.7,31.9,11
AG,84.6,70.6,62.5,45.7,35.7,10
AG,93.7,76.4,58.9,50,34.5,10
AG,125.1,67.6,58.2,47.3,32.6,10
AG,57.3,55.3,49.7,15.4,14.7,11
AG,56.3,49.2,45.6,14.8,14.7,11
AG,52.9,47.1,46.9,14.2,14.3,11
AG,86.4,65.1,58.6,38.5,35.1,10
AG,75.4,65.4,57.6,38.7,30.4,10
AG,78.1,60.7,56.2,39.8,34.7,10
AG,58.4,32.6,27.9,22.4,19,11
AG,58.9,32.4,28.2,21.5,20.4,11
AG,64.7,32,29.5,22.1,19.4,11
AG,73.8,85.8,55,33.3,27,9
AG,69.2,60.2,55.2,31.8,25.8,9
AG,63.7,56.7,51.4,30.9,23,9
AG,52.6,30.4,27,23.5,22.3,8
AG,50.4,33.9,27.7,24,21.8,8
AG,46.9,35.4,28.3,21.8,21.6,8
AG,63.9,46.4,46.4,19.1,18,11
AG,59.6,47.5,43.3,19.8,18,11
AG,58.4,50.4,40.1,20,18.3,11
AG,75.8,68.3,50.1,34.8,35.4,14
AG,69.4,65.6,49.2,33.7,37.4,14
AG,66.2,57.8,46.2,32.9,34.5,14
CP,69.8,43.4,30.1,11,9.4,8
CP,60.5,49.7,29.6,10.4,9.5,8
CP,52.6,40.1,30.2,7.4,7.9,8
CP,36.5,20.2,22,10.5,10.9,9
CP,35.9,20.3,22.3,10.1,8.2,9
CP,38.9,22.4,20.9,12,7.6,9
CP,22.4,13.9,7.8,12.6,11.5,10
CP,16.5,11.8,7.7,11.6,10.6,10
CP,17.5,13.8,7.9,10.6,9.1,10
CP,27.5,22.2,14.4,7.3,8.5,7
CP,28.1,19.9,14.6,6.8,7.5,7
CP,27.1,20.1,13.7,8.9,10.2,7
CP,31.6,32.1,23.1,15,7,7
CP,32.8,30.7,22.1,18.5,6,7
CP,33.8,28.6,19.6,20.7,6.4,7
CP,12.2,11.6,9.7,8.3,6.2,6
CP,14.8,10.9,10.3,8.1,5.2,6
CP,13.7,11.4,9.6,8,5.6,6
CP,11.4,10.2,7.3,6.4,5.3,9
CP,11.8,9.8,8.2,5,4.9,9
CP,11.2,10.1,8.7,5.2,4.5,9
CP,19.7,10.8,16,6.9,6.8,9
CP,19.8,11.3,14.5,5.7,7,9
CP,19.4,10.4,11.9,5.7,5.7,9
CP,22,18.8,20.7,13.8,13,8
CP,20,18.4,19.6,14.2,8.9,8
CP,20,17.1,18.4,15.1,12.9,8
CP,58.8,11.3,9.7,5.4,4.7,9
CP,59.9,11.2,9.8,5.7,4.9,9
CP,56.5,11.9,8.9,4.6,4,9
CP,76.6,49.4,40.7,41,38.8,8
CP,77.5,50.6,38.4,38.2,38,8
CP,78.9,50.1,37.1,37.1,35.8,8
CP,73.9,57.2,31.4,38.6,32.9,8
CP,76.9,58.1,27.9,33.3,31.4,8
CP,70.4,57.8,28.5,29.1,31.9,8
CP,53.6,41.6,27.8,24,11.6,12
CP,58.2,39.8,24.9,23.5,11.5,12
CP,50.6,41.7,26.7,21.2,11.5,12
CP,43.3,37.3,25.3,21.9,24.1,13
CP,48.2,33.6,22.7,20.3,25.1,13
CP,44.5,34.7,23.1,21.4,21.3,13
CP,75.7,55.8,50.2,41.8,19.4,10
CP,77.2,54.4,47.5,40.3,19.5,10
CP,69.6,60.5,46.2,42.5,19,10
CP,54.8,32.6,25.3,18.3,45.2,7
CP,55.4,28.4,25.6,17.5,44.1,7
CP,47.6,28.6,25.7,17,39.7,7
CP,44.5,24,33.8,17,21.2,13
CP,41.5,22.8,37.4,17.2,20.9,13
CP,40.6,23.7,36.2,16.2,20.6,13
CP,63.4,13.8,12.6,19.7,23.4,9
CP,68.4,13.6,12.3,19.2,23.6,9
CP,54.3,14,12.3,18.9,22.2,9
CP,40.6,42.7,30,37.4,20.4,10
CP,36.5,44.6,29.4,32.4,19.5,10
CP,38.5,40.8,26.6,31.2,18.7,10
CP,45.1,34,27.4,27.4,26.1,10
CP,44.2,34.9,25.1,28.2,28.1,10
CP,45.2,30.3,24.9,25.4,24.8,10
CP,37.5,40.3,26.6,22.5,21.2,9
CP,35.5,41.4,25.4,23.4,20,9
CP,34.4,39.9,23.5,20.1,21,9
CP,36.5,33.9,30.1,20.9,18.5,11
CP,35.4,34.7,29.1,19.7,18.2,11
CP,32.4,31.3,27.9,19.6,17.5,11
CP,39.9,45.1,35.5,25.8,20,10
CP,29.8,44.1,34,26.1,20.5,10
CP,29.9,40.3,34.2,24.5,20.7,10
CP,35.1,35.4,30,27.9,22.9,8
CP,34.4,33.4,29.4,25.6,21.9,8
CP,33.3,30.9,30.1,24.2,21.5,8
CP,77.7,64.9,46.4,31.6,33.8,8
CP,75.7,54.2,43.4,34.6,32.2,8
CP,73.9,52.1,41.5,40.1,36.6,8
CP,86.5,61.7,40.5,29.1,25.5,10
CP,74.5,71.2,36.7,26.7,22.2,10
CP,73,67,33.2,23.7,22,10
CP,76.4,60.5,46.6,41,36.3,12
CP,72.5,61.5,43.6,38.2,35.5,12
CP,62.9,51.1,41.9,37.7,34.1,12
CP,50.3,35.4,23.9,31.2,29.7,9
CP,48.3,35.8,23.7,31.4,31.3,9
CP,43.3,32.8,21.9,32.1,28.8,9
CP,49.1,40.8,29.8,24.1,23.6,12
CP,47.3,46.6,30.3,22.1,18.8,12
CP,53.6,39.2,27.5,20.6,16.6,12
CP,34.4,17.9,24.9,17.4,10.8,10
CP,35.6,18.5,22.1,19.5,14,10
CP,33,18,23.1,16.5,15,10
CP,51.4,30.5,35.5,27.2,19.8,9
CP,45.6,29.8,39.1,21.2,21.6,9
CP,46.5,27.1,34.2,20.7,19.8,9
CP,54.3,49.8,25.3,31,18.1,11
CP,55.3,47.3,23.6,28.9,19.7,11
CP,51.3,45.9,22.8,29.5,18.7,11
CP,63.5,41.5,42.4,38.4,31.2,8
CP,59.4,46.4,36.2,36.1,28.2,8
CP,58.4,42.1,35.4,35.1,29.9,8
CP,59.5,45.4,25.5,36.8,36.8,8
CP,59.1,47.2,26.6,36.6,31.4,8
CP,53.6,42.5,26.1,36.1,34,8
CP,65.9,"47,7",36.7,27.4,24.9,10
CP,66.9,46.5,33.6,29.4,29.9,10
CP,66.3,47.1,34,26,24.9,10
CP,56.4,40.4,65.2,51.8,50.7,8
CP,55.9,42.1,58.5,43.4,42.1,8
CP,51.8,41.4,57.2,46.9,45.3,8
CP,52.3,35.4,24.1,24.3,23.5,8
CP,52.4,29.2,23.9,22.5,22.9,8
CP,51.8,30.5,23.4,22.8,21.9,8
CP,12.8,11.1,25.8,10.7,10.7,11
CP,12.2,11.7,25.6,10.6,10.4,11
CP,12.4,12.5,24.9,10.1,10.5,11
CP,34.9,28.9,34,20.1,16.1,10
CP,31.4,24.3,33,17.9,17.1,10
CP,29.3,24.9,33.9,17.9,18.5,10
CP,64.2,38.5,24.3,24,24.4,9
CP,54.6,41.1,21.9,21.3,21.2,9
CP,55.2,37.6,29.5,28.5,20.7,9
CP,24.2,33.2,10.8,20.5,14.6,13
CP,26.5,33.1,10.9,16.8,13.2,13
CP,28,30.8,11,20.7,11.4,13
CP,36.9,27.7,43.1,16.7,16.1,9
CP,35.4,26.1,39.4,18,18.4,9
CP,35.9,25.7,38.4,19.3,20,9
CP,34.9,31.8,25.1,27.4,25.9,10
CP,34.7,36.5,26.1,24.1,19.8,10
CP,33.7,29.6,24.5,24,19.9,10
CP,23.8,16.6,19.9,18.8,13.2,10
CP,22.6,17.6,20,18.4,12.8,10
CP,20.3,17,20,15,12.2,10
CP,55,44.2,32.7,23.2,20,12
CP,53.6,45.2,32.9,23.5,19.7,12
CP,52.1,38.9,33.1,22.1,19.3,12
CP,33,24.4,19.4,19.4,17.2,12
CP,31.6,23.7,19.5,16.5,15.6,12
CP,30.9,23.3,19.4,15.7,15.2,12
CP,54.1,27.9,25.5,27.7,25.6,10
CP,51.2,27.5,25.4,25.3,26.6,10
CP,54.6,30.5,25.1,26.6,22.6,10
CP,15.1,15.1,14.8,11.4,12.2,10
CP,15.2,15.5,14.3,12.2,10.6,10
CP,16.2,15.9,13.2,11.5,10.9,10
BP,35.6,38.6,37.9,21.6,17.8,14
BP,35.4,38.9,38.5,20.9,19.6,14
BP,34.8,43.1,39.4,19.7,19,14
BP,71.4,79.1,73.8,41.5,53.4,11
BP,71.8,76.1,76.5,52.1,50.2,11
BP,64.8,76.6,73.4,49.2,49.8,11
BP,96.9,94.3,78.3,78.8,61.2,9
BP,92.4,99.9,74.9,71.1,58.4,9
BP,85.9,92.4,80.1,70.4,52.4,9
BP,30.4,50.2,42.5,44.9,37.8,14
BP,30.2,62.9,55.1,53.1,36.3,14
BP,28.4,53.8,43.2,55.7,39.6,14
BP,52.1,60.2,23.8,34.7,26.3,13
BP,55.8,52.1,22.4,35.1,24.3,13
BP,42.7,50.9,24.1,34.8,24.2,13
BP,59.4,62.5,80.4,52.2,46.3,14
BP,52.1,78.4,80.5,53.1,44.2,14
BP,50.4,63.4,81.3,47.9,41.7,14
BP,21.2,56.3,22.2,24.1,26.8,12
BP,22.4,52.1,29.4,22.5,24.4,12
BP,22.5,50.9,27.5,23.1,23.6,12
BP,36,34.2,39.4,32.3,31.9,13
BP,33.7,34.6,40.2,30.1,31.4,13
BP,36.2,31,39.9,31.2,31.1,13
BP,40.1,26.7,30.4,23.4,34.4,15
BP,40.9,26.3,29.4,23.6,33.9,15
BP,35.7,27.1,31,24.1,32.8,15
BP,45.6,58.4,49.7,48.7,33.7,12
BP,50.9,56.6,51,49.6,30.1,12
BP,57.1,58.9,50.4,53.2,25.6,12
BP,30.9,48.3,47.8,40.4,40.1,10
BP,31.4,43.3,48.5,39.5,39.4,10
BP,33.4,41.6,42.9,45.5,38.7,10
BP,52.3,53.2,60.6,45.6,34.7,14
BP,58.2,47.9,67.7,45.5,33.7,14
BP,49.5,48.1,56.6,45.4,33.2,14
BP,61.4,63.1,59,46.2,35.4,13
BP,60.5,65.1,54,44.5,35.7,13
BP,55.7,61.1,54.3,47.1,34.7,13
BP,26.3,90.2,75.3,66.8,49.9,13
BP,60.4,72.3,65.8,66.9,49,13
BP,54,82.2,67.9,67.1,48.7,13
BP,73.9,90.2,63.8,65.7,55.8,16
BP,66.4,82.6,62.8,66.3,55.4,16
BP,64.8,81.9,65.7,63,55,16
BP,65.4,65.5,79.6,42.5,42.2,13
BP,71.4,65.7,74.7,44.5,40.1,13
BP,76.5,58.2,78.2,42,37.4,13
BP,69.6,58.8,45.1,45.1,38.7,14
BP,66.6,54.4,52.4,46.2,36.8,14
BP,59.2,52.1,49.2,44.9,36.5,14
BP,72.2,71.6,64,56.2,57.4,16
BP,70.4,71.4,62,55.2,54.6,16
BP,71.8,71.2,56.4,51.9,53.9,16
BP,70.1,74.6,72.5,63.9,57.1,12
BP,77.2,78.7,74.5,60.1,56.1,12
BP,62,77.8,69.7,60.9,56.7,12
BP,79.2,67.4,73.2,61.8,50.1,11
BP,92.4,57.9,71.2,61.9,49.2,11
BP,91.1,64,69,60.4,49.9,11
BP,60.8,85.1,78.4,42.1,61.4,13
BP,71.2,80.1,73,39.4,54.3,13
BP,66,72.8,65.5,37,53.8,13
BP,51.6,51.9,53.8,48.9,33.7,14
BP,55.7,40.9,46.4,49.1,34.9,14
BP,60.8,38.9,49.2,47.4,34.2,14
BP,59.4,60.8,86.4,51.2,40.1,14
BP,55.1,55.9,73.1,48.7,39.7,14
BP,50.5,61.4,74,49.1,37.6,14
BP,70.6,69.1,78.4,54.9,46.2,14
BP,77.4,70.2,76.6,53.2,42.7,14
BP,79,65.2,66,51.9,40.3,14
BP,43.7,55.3,68,54.5,49.4,12
BP,44.9,59.2,61.4,54.6,51.4,12
BP,47.8,69.8,68.7,53.2,56.2,12
BP,76.8,76.2,79,47.7,66.1,11
BP,77.8,96.8,70.8,47.4,57.4,11
BP,80,84.3,71.5,44.8,61.8,11
BP,64.5,93.4,58,48,70.5,11
BP,66.9,83.7,57.9,48.2,67.8,11
BP,64,85.6,57.6,47.9,60.4,11
BP,86.8,77.8,79.5,66.6,52.7,15
BP,80.9,86.8,76.5,59.5,50.1,15
BP,83.7,83.8,71,64.2,54.1,15
BP,64.9,85.4,49.8,51.2,39.4,15
BP,69.2,83.7,43.8,50.3,40.1,15
BP,75.7,72,39.8,46.9,38.2,15
BP,77.9,91.4,81.1,71.2,45.2,14
BP,77.6,76.4,70.5,76.6,44.2,14
BP,72.9,74.6,70.6,72.4,42.5,14
BP,93.2,92.6,97,84.4,64.8,14
BP,96.9,90.6,90,85.8,64.2,14
BP,91.5,87.2,85.2,83.9,61.3,14
BP,82.4,85.1,73.2,70.7,39.7,14
BP,83.2,82.1,70.7,69.4,48.1,14
BP,80.2,79.2,71.2,70.1,40.1,14
BP,79.6,99.8,84.9,64.9,52.4,14
BP,78.3,88.8,77.5,53.8,51.7,14
BP,74.2,85.7,74.8,63.2,52.7,14
BP,79.7,90.7,91.3,53.6,26.1,15
BP,87.4,88.2,82.7,52.4,22.5,15
BP,90.4,77.2,73.5,54.1,24.1,15
BP,93.2,83.7,85.4,76.2,57.8,12
BP,110.2,99.1,88.2,77.1,51.4,12
BP,87.2,95.1,83.2,72.2,52.9,12
BP,69.4,75.3,76.7,65,17.9,14
BP,72.4,85.4,73.7,65.1,19.9,14
BP,67.9,81.7,71.8,66.2,20.1,14
BP,95.5,96.1,93,72.4,51,13
BP,90.6,93.1,86.6,72.9,52,13
BP,84.8,85.8,90.7,76.1,52.9,13
BP,72.4,95.4,65.8,57.2,52.2,13
BP,73.4,88.2,67.2,55.9,50.1,13
BP,72.9,85.1,62.7,56.2,48,13
BP,76.7,96.8,83.2,57.7,52.1,10
BP,70.7,88.9,86.2,56.4,52.2,10
BP,67.8,91.9,80.9,54.3,51.9,10
BP,67.3,81.5,74.1,72.4,42.1,13
BP,65.9,88.1,76.5,72.6,41.4,13
BP,55.7,73.7,77.1,73.2,43.4,13
BP,58.5,65.7,59.9,37.9,57.4,13
BP,53.5,66.4,57.4,37.6,44.3,13
BP,54.9,62.1,47.5,37.7,44.1,13
BP,59.5,57.9,67.6,54.2,38.1,13
BP,58.2,58.1,67.3,54.9,36.4,13
BP,57.5,59.2,62.6,54.4,35.5,13
BP,66.9,89.7,84.4,80.2,82.4,11
BP,62.2,87.6,84.7,81.4,72.7,11
BP,58.6,81.6,84,80.9,70.3,11
BP,46.1,60.6,68,48.8,51.7,12
BP,45.5,65.5,59,48.7,49.9,12
BP,46.6,61.1,58.9,43.9,50.1,12
BP,47.4,49.9,54,39.6,34.7,14
BP,45.7,57.7,54.2,38.8,32.1,14
BP,49.8,48.9,51.2,40.9,33,14
BP,49.7,57.8,54.3,31.6,40,14
BP,40.2,50.7,54.9,32.5,38.8,14
BP,45.9,52.1,55.4,33,36,14
BP,22.2,49.8,40.5,30.5,41.9,15
BP,21.4,47.8,43.5,30.7,41.4,15
BP,20.6,43.9,44.6,30.6,39.8,15
BP,16.5,18.7,18.5,20.7,24.7,15
BP,15.9,19.7,17.6,16.7,21.9,15
BP,17,20,19,19.4,22.1,15
KW,79.8,16.7,56.7,20.9,3.7,11
KW,79.6,16.4,55.3,15.9,3.5,11
KW,75.2,15.9,57.1,16.2,3.9,11
KW,28.4,20.7,15,15.6,9.6,13
KW,28.6,17.4,16.1,15.7,12.6,13
KW,26.8,14.6,15.2,15,9.3,13
KW,15.9,14.2,20.7,20,6.6,12
KW,15.6,10.9,24.6,20.2,5.4,12
KW,15.4,10.1,25.1,20,8.9,12
KW,9.8,10.8,8.9,8.7,9.9,13
KW,9.5,11.1,9.2,8.9,7.3,13
KW,9.5,12.4,9.4,8.7,8.4,13
KW,14.8,17.6,10.8,17.7,14,10
KW,14.2,17.8,10.2,16.2,18.2,10
KW,12.8,18.8,11.2,15.9,10.1,10
KW,20.4,65.7,16.7,17.5,16.6,12
KW,20.9,66.4,15.5,12.5,19.7,12
KW,20.4,60.4,17.4,16.1,15.2,12
KW,18.9,18.9,13.1,12.7,6.8,10
KW,19.2,17.7,13.7,10.8,7.2,10
KW,19.8,18.1,13.4,10.9,8.1,10
KW,34.5,28.9,35.4,22.9,25.6,12
KW,36.5,26.9,34.7,29.1,25.4,12
KW,30.2,27.7,31.9,25.6,20.6,12
KW,49.5,48.6,46.8,43.2,33.2,11
KW,48.5,48.2,47.7,45.7,34.2,11
KW,47.5,45.9,43.6,42.9,39,11
KW,41.7,29.2,30.3,27.2,32,11
KW,40.9,27.8,32.9,37.8,31.6,11
KW,42.1,27.4,32.4,36.2,29.4,11
KW,27.4,26.7,22.9,25.1,15.9,11
KW,27.9,25.5,21.2,25.9,20.8,11
KW,26.8,24.9,24.1,24.5,22.4,11
KW,32.4,48.7,43.7,33.4,10.6,8
KW,33.1,43.3,40.4,30.5,15.4,8
KW,31.3,45.6,38.9,31.8,5.4,8
KW,79.5,63.3,66.6,56.4,36.7,14
KW,73.5,60.6,56.5,53.3,35.4,14
KW,74.3,60.1,55,54.2,30.4,14
KW,59.9,45.8,29.4,32.1,29.4,10
KW,58.8,45.7,33.4,30.3,24,10
KW,53,40.6,28.9,31.9,26.4,10
KW,40.3,30.7,33.3,22.6,14.9,12
KW,39.4,35.8,34.7,20.1,9.3,12
KW,40.3,33.5,31.1,19.4,10.3,12
KW,37.6,28.8,17.9,13.6,11.2,12
KW,36.4,28.4,17.5,10.1,10.6,12
KW,35,27.5,17.6,11.9,11.2,12
KW,41,21.6,23.9,21.5,9,12
KW,39.9,21.5,20.1,24.5,9.2,12
KW,36.5,20.9,23.1,26.1,8.5,12
KW,56.2,40.5,35.7,8.6,27.7,10
KW,51,40.1,35.3,8.4,27.4,10
KW,49.6,38.5,33.7,8.1,27.1,10
KW,56.4,29.4,44.7,40.2,21.3,11
KW,58.4,35.6,47.2,39.9,25.1,11
KW,55.2,30.1,43.6,41,24.3,11
KW,46.4,43.1,21.6,19.1,22.4,12
KW,43.9,47.1,21.4,17.4,19.9,12
KW,49.8,40.7,22.7,17.7,21.2,12
KW,52.4,21.5,23.8,26.7,27.4,11
KW,55.6,22,26.8,28.2,26.2,11
KW,50.6,22.4,22.8,30.3,26,11
KW,32.5,29.4,24.7,22.2,12.2,12
KW,35.4,27.2,21.9,22.1,13.4,12
KW,30.6,27.6,24.2,21.8,12.1,12
KW,70.2,50.9,21.8,5.9,4.8,12
KW,66.9,50.2,29.4,6.8,4.5,12
KW,64.5,50.4,25.5,8.2,3.9,12
KW,44,40.9,39.4,35.5,25.9,10
KW,44.9,39.8,38.4,35.7,25,10
KW,43.5,39.4,37.1,35.9,15.2,10
KW,18.4,20.8,19.7,23,16.7,13
KW,19.2,22.1,18.4,21,15.4,13
KW,20.3,23.1,19,19.5,10.4,13
KW,26.5,27.6,17.9,12.5,9.4,12
KW,28.4,20.2,21,12.7,4,12
KW,24.5,28.1,19.5,10.5,6.4,12
KW,41.6,43.7,31.2,21.4,14.9,11
KW,39.8,44.1,32,20.7,19.3,11
KW,39.8,37.2,36,22,11.8,11
KW,54.6,54.2,23.9,27.9,22.2,13
KW,50.4,55.1,34.2,26.1,20.6,13
KW,48.5,53.4,36.6,24.9,21.2,13
KW,79.5,62.2,62,49.5,8,13
KW,69.6,60.1,59.4,43.7,7.2,13
KW,66.2,55.4,60.3,31.4,7.5,13
KW,57.8,45.6,25.6,33,30.3,15
KW,56.8,45.9,27.7,31.8,29.4,15
KW,57,46.1,34.6,31,30.1,15
KW,49.6,40.5,41.4,46.2,32.1,10
KW,48,40.8,42.4,44.1,35.1,10
KW,46.6,37.6,45.8,45.6,34.3,10
KW,41.2,40.5,34.1,39.6,22.1,10
KW,40.5,40.1,35.5,37.2,18.9,10
KW,40.3,36.5,34.1,38,20.2,10
KW,58.7,43.1,31.2,24.2,25.7,13
KW,57.6,36.2,38.2,23.5,22.2,13
KW,51.7,34.9,34.4,24.3,22.1,13
KW,43.6,43.8,40.4,39.3,20.2,12
KW,48.8,41.2,41.1,38.2,19.4,12
KW,42.8,36.5,39.5,38.9,18.1,12
KW,78.5,69.3,58.2,56.2,4.8,13
KW,79.9,66.8,57.3,57.2,5.5,13
KW,80.1,68.6,56.9,55.3,6.9,13
KW,24.9,25.9,19.4,14.7,14.9,13
KW,24.6,26.5,18.4,13.8,15,13
KW,24.9,27.9,19.3,12.8,15.2,13
KW,60.1,62.2,42,43.5,11,12
KW,66.1,60.1,53.1,42.1,11.4,12
KW,57.1,66.1,51,43.3,12.7,12
KW,38.8,22.1,12.1,12.5,10.1,11
KW,39,22.3,10.9,12.4,10.4,11
KW,37.7,21.9,11.2,12,10,11
KW,30,35.4,45.7,23.6,19.2,10
KW,32.4,36.2,41.7,22.4,10,10
KW,30.1,38.1,47.9,23.5,12.4,10
KW,55.5,64.8,28.2,28.9,17.8,13
KW,49.2,58.8,23.9,31.3,18.2,13
KW,46.4,58.9,27.1,27.9,20.4,13
KW,70.4,40.5,53.9,52.8,9,10
KW,69.4,44.1,52.4,42.5,8.1,10
KW,63.6,41,51.2,49.7,5.4,10
KW,28.9,39.5,25.4,23.5,26.4,11
KW,28.7,33.5,25.9,23.5,24.4,11
KW,29.9,34.2,26.1,23.7,24.7,11
KW,82.2,74.9,48.5,45.2,31.4,13
KW,80.9,70.8,43.3,45.5,38.4,13
KW,76.7,64.9,42.1,45.7,37.2,13
KW,18.2,25.1,23.2,21.7,15.1,13
KW,19,24.9,22.9,21.9,18,13
KW,17.9,23.4,22,20.1,10.4,13
KW,22.8,45.1,43.3,21.6,20.1,11
KW,29,43.1,43.9,21.6,20.6,11
KW,21.6,43.3,42.7,21.4,20.4,11
KW,18.9,24.8,22.7,13.1,18.4,10
KW,17.6,20.2,23.1,16.2,22,10
KW,18.1,21.3,22.9,18.1,21.9,10
KW,111.7,100.9,76.9,20.3,17.7,11
KW,111.6,110.1,77.4,17.9,16.5,11
KW,116.6,104.6,72.8,17.1,15.2,11
KW,55.5,22.1,28.4,28.5,19.1,11
KW,55.6,23.1,27.4,26.6,18.7,11
KW,49.4,24.3,26.4,29.2,18.8,11
